useruuid,admin2,distance_travelled,number_of_pois,radius_of_gyration,time_at_home,latitude,longitude,time_coverage,urban,poverty
00382b53b93cc5172361f150e31da69c6daf7eaba0d05923deae628706d10531,CIV.1.1_1,46.689,1,0.0,27129,5.43549,-4.02649,48851,1,8.0
0067972fd9e621d4e20e9ff641295cd363ec79da10a5f27067730922611e1c5b,CIV.1.1_1,0.179,1,0.0,11306,5.43932,-4.03106,11306,1,8.0
00a3f2c7a4529ff816ce926765cfb3b701f977b90b03ba23e0e02aa758e928ad,-1,0.0,0,-1.0,-1,,,0,-1,-1.0
00d4111b39eb93a83303bc716e68c7556cdc87550c04452bcc970fdbde6dbd2d,-1,2.47,0,-1.0,-1,,,39406,-1,-1.0
0108b414386c6bfe460411644d241855080787b713817a93ae6cd30ebacbec47,CIV.1.1_1,4.091,1,0.0,633,5.3421,-4.0155,35630,1,8.0
01451abed62635210baf5bdeb356df5272f5026958fbcba5d0741bc0be144377,CIV.1.1_1,63.614,4,3.447,67274,5.28717,-3.97156,179592,1,8.0
014d37692c2b0fa33687d325d22761bb5eadfd7dd03bb4b7f3ba73790f57fedd,CIV.1.1_1,2.651,1,0.0,347795,5.40253,-3.99353,347795,1,8.0
017b80439b1a31809ee2ff193ac8a997910731ecddbfdb192dd9a6c922ee701e,CIV.1.1_1,24.774,2,0.951,12369,5.25658,-3.98699,136223,1,8.0
0194191ad6499c1bf0cc9495347cf13cb40b3ed779ae16529dd4f91242e2c2cd,CIV.1.1_1,35.355,2,0.93,1593,5.3538,-3.96981,68816,1,8.0
028f62dc9d895889cef55a25cf3226ac3e626c30f573db2539964b46ff334ef9,CIV.1.1_1,1.318,1,0.0,81924,5.37506,-3.96057,81924,1,8.0
036b692f114668cd56e1593800b6ea74e0c0466db30d8135a6e8b125a5f3c0e1,CIV.1.1_1,32.773,3,6.592,32930,5.32634,-4.01932,60710,1,8.0
037a9c4d48e5463749d65c67ff908553cba754f804e081da1b72bbf980fa5bdd,CIV.1.1_1,22.727,2,6.451,65662,5.38055,-3.99353,79157,1,8.0
0447e44458e83d810e2715c96400e0d90e7a65c20bdfc9b9115e085a1ddecadb,CIV.1.1_1,2.729,2,0.923,9644,5.35121,-4.03681,17422,1,8.0
04681e8fc8b8ba5407e7ab336f67d5ebf1b640711686b394071a6a42796c1ffe,-1,0.0,0,-1.0,-1,,,0,-1,-1.0
04bd462c8f01654b4cba043d554a2f46cbd441033b778edf85f514c71cb0ddc7,CIV.1.1_1,5.226,2,0.068,2441,5.34116,-4.02039,28284,1,8.0
0511bdb5ec1f4041434a8e70bd49ac9c3bffebfe6a20a1eb9870f61e5572d39d,CIV.1.1_1,0.076,1,0.0,10819,5.37838,-3.96876,10819,1,8.0
051eb6f0aff0d3c3ef52bc597af3ad4f8c23d48eb71180d10ccf1be0b9cafe46,CIV.3.2_1,0.475,1,0.0,51062,5.22125,-3.72986,51062,1,7.0
0524fbe3833805ea85a6012a1ab679104617a273e28d18219eeec2aabf934052,-1,15.187,0,-1.0,-1,,,162845,-1,-1.0
05474d79186c66782133e30544dbbad431af6a18e0a19797099ef2817c07ce50,CIV.1.1_1,0.144,1,0.0,6448,5.37455,-3.93489,7235,1,8.0
05c82b681349074ca9a47b27f4fc73fef8b1d1fd938d4436a0de64c528a17a12,CIV.1.1_1,0.515,1,0.0,76821,5.33377,-3.97716,76821,1,8.0
05ef8e756120c85e661402630d8e31bf0485a109d06cd3de2e7235b77c6779a0,CIV.5.1_1,5.738,2,1.888,29278,6.13241,-5.94177,82164,1,7.0
06503759d39bd6b247bdbf00cc9d5934d5ada7dbd9d1b3b28e1d1b2ff287984f,-1,0.0,0,-1.0,-1,,,0,-1,-1.0
06f4cc3118817aafa2d603fcbc0cb75cdf082137e78f5b400120dff87ec4bc04,CIV.1.1_1,0.0,1,0.0,2019,5.33777,-4.1004,2019,1,8.0
070055060ecfe32678e96daa47f245f85933ca0d55079e8327f941df3e4c30ce,CIV.3.1_1,1.728,2,0.192,6980,7.13606,-3.2083,83892,1,7.0
071146dfb8b7005283bb6f998f28fc5033e2cf7594de30f287aa97fd12df0d2a,,38.884,2,3.918,18717,4.74335,-6.61926,70076,1,7.0
071bb70ff73f1e31c745fa35255cf7607df3570d7d913e68f91036bd57d3a6eb,CIV.14.1_1,0.043,1,-1.0,6957,9.26742,-2.99248,6957,1,7.0
07229642aab4f40cbfc3b01869db88447a2680284622444564a53b9e48783a63,CIV.1.1_1,5.789,1,0.0,621,5.39587,-3.99371,2558,1,8.0
07295b3910b45d1893cc80b29ebdf25f37b64e66adb02850e004a76709c3a6ae,CIV.1.1_1,33.766,3,5.094,1987,5.33104,-4.02056,15026,1,8.0
082ffc192a301090db67c767502ad4fcb085b0ed1f98df71eb891807bdc0ab34,-1,13.069,0,-1.0,-1,,,5524,-1,-1.0
08719b0f8022fcf8f1616da55b6f7be5f4e6f0d69036105bd1a0080d21cc0ffc,CIV.1.1_1,16.191,3,8.301,49815,5.40253,-3.99353,95582,1,8.0
08e483084a6cd0e1fdaf9720e3d525f5319ceccdc922f1196a5d35d80f92815c,CIV.1.1_1,13.82,1,0.0,52509,5.3476,-4.02649,61845,1,8.0
092b2fd72a6209057c6e550cd267622d1a97b2b496191e96b7dd2886f760ea89,CIV.1.1_1,46.742,1,0.0,13206,5.38855,-3.98421,114912,1,8.0
097c333a54143e755267e75a19844e70e3dae43759e94d532bb738404b08daa0,CIV.1.1_1,17.274,2,1.072,2057,5.32241,-4.01559,68613,1,8.0
09c632d25d08ba232be1b167eb3852c44da3fd61aa7bddfb6ae027d970bdd6cc,CIV.1.1_1,15.762,1,0.0,87579,5.2597,-3.96057,90365,1,8.0
0a2221355c9adcd392734c256cb54508491df4d4f46ac32800b941b920220d67,CIV.1.1_1,81.158,1,0.0,58690,5.33661,-3.9386,85504,1,8.0
0a230d16bf4e2f7d0d5349cbbfba665eba51db735f558ca83743b43928779d0a,CIV.1.1_1,5.057,1,0.0,103032,5.30325,-3.96306,103032,1,8.0
0a4952cf31fef9ce93c88312a6676b50066d739fc64fbab0cdd90145949081a4,CIV.1.1_1,3.245,2,0.026,6557,5.33626,-4.02057,16468,1,8.0
0a5547ca0645faf125403ce6f7763d5d057176547cd107cbbd6db115c62b9002,-1,0.0,0,-1.0,-1,,,0,-1,-1.0
0a70c49205e40833a74b7a9bff3e2530fe378b1f13f8d4d34f82865fa2d6be63,CIV.1.1_1,31.298,3,0.914,8186,5.30914,-3.94958,49738,1,8.0
0b47a144fff1931fadb76b81e0d53e5bcac0ab9fc6b65e9dd81ccd16cc9af4f5,CIV.1.1_1,15.046,2,4.062,45839,5.37506,-3.97156,76019,1,8.0
0b709218e494463425b794200d26ba42c4636e015ca34728cc06945b356ca0bc,CIV.1.1_1,0.044,1,-1.0,54120,5.35855,-4.06026,54120,1,8.0
0bc45779b74937e9165d0a115aadbf7c7cc17fab1ec2c54e76d5633dd835aa6a,CIV.1.1_1,1.775,1,0.0,103556,5.33268,-4.09993,117136,1,8.0
0bc7daf4dd0fdaf295f445c8d34176da2b910a83807e57b8339aa1efff68f55b,CIV.11.1_1,0.686,1,0.0,48650,7.73163,-5.01526,55998,1,7.0
0bf1bf839d00aef515711239640ec6f221f08d6f05afced04fcdf6165ca358e4,-1,0.19,0,-1.0,-1,,,30837,-1,-1.0
0c0c8b6490c60bf0215b7e949eaea8f5ece17b37092e91792f17d06427a3d833,-1,1.276,0,-1.0,-1,,,2566,-1,-1.0
0c9aabfff021276b8a7e0d523b79b04236d3436009339c0f635e4947de4028fa,-1,0.0,0,-1.0,-1,,,0,-1,-1.0
0d7775d81976f36ea7f9f050584e4a579c2fc5ea18e795a5982859bde233f34d,CIV.1.1_1,2.949,1,0.0,27582,5.3476,-4.07043,28311,1,8.0
0db5166662c64b2c64467cd8756137525a0f69c8dc802388e5c50e85b41ad4b6,CIV.1.1_1,21.302,3,0.195,57592,5.35842,-3.92224,82850,1,8.0
0dcf212418d71b7d18b21577be2dc874208def9743280a8f6b697449a7523246,CIV.12.3_1,0.0,1,-1.0,26082,7.9603,-6.67066,26082,1,8.0
0e214b4e034e33d45254af9ef4d073b1967aa4190a89dee974539394649f6982,CIV.1.1_1,0.0,1,-1.0,24336,5.30996,-3.98751,24336,1,8.0
0e523a5cf6c65b98ecd179574deaf0f8e04ef2d0953dae7c700ffc1fa92cf306,-1,2.167,0,-1.0,-1,,,1058,-1,-1.0
0f17c23331961c831169a887ff559ab12478aa3f49707e2817b45e0632f8c04e,CIV.1.1_1,5.171,1,0.0,2560,5.30365,-3.96057,9131,1,8.0
0f4629b61bb9bd638fcca89a735b5a0c5cad7da46c00aee0359c82cb89e49292,-1,6.098,0,-1.0,-1,,,1007,-1,-1.0
0f84b672009bd9ae7bf4f1e4d3aef157d4696aee03afaa0f55a2acb2a9053acd,CIV.1.1_1,90.118,1,0.0,2442,5.36657,-3.95537,83586,1,8.0
103514f581d71af2da5ce122fb9c7b299a979479a2eebe35b38b374e46e27b5a,CIV.1.1_1,13.63,2,8.759,225792,5.36957,-3.91663,237822,1,8.0
10f8d5954bd0e38f0369e0b4a76ca56b8da9417dc4dd1348c10ec260da6ed9b4,-1,0.0,0,-1.0,-1,,,1,-1,-1.0
124a95c136430ee20221e6e3ceb7a73ce86544df39d83e443ed87173e4c7e9a9,-1,18.136,0,-1.0,-1,,,6056,-1,-1.0
12986961efbe1d33b4e713cbe21c1a4f694e33f21af90e47c5510b6c4db8db43,CIV.1.1_1,72.673,1,0.0,69251,5.40253,-3.98254,135461,1,8.0
12c936748345642cf50f4cf085d6f91c2dc4deb4406609d1f6da974fa5084482,-1,6.247,0,-1.0,-1,,,73291,-1,-1.0
12fbc4291c2e3be81e93fa50e2fc1eb7c2394a1afa8ad52d5759e3a400512159,CIV.1.1_1,53.422,1,0.0,12551,5.39703,-3.99353,59175,1,8.0
13841cca282b548b0248b1a7a5b70fa027483be90bbdb9924e464d39fe5f278f,CIV.1.1_1,11.001,1,0.0,153997,5.36407,-4.08142,156538,1,8.0
138ba73530be1a67123ced93caf5a4412ebb46fa4ac13196df82abb01635b2f5,CIV.3.1_1,3.85,2,1.141,16178,7.14386,-3.20251,17813,1,7.0
13f047b00678f42d640ad018678b962fe8bd6828a33e9380458ddbd661ccf8b4,CIV.1.1_1,9.7,1,0.0,16454,5.30405,-3.98323,47171,1,8.0
1421949b07cb7feec82d9da98bb2dd4dec92a08d122bf7086bb544724f0b9a57,CIV.1.1_1,25.478,1,0.0,21887,5.30365,-4.02649,69404,1,8.0
14b2d1d47e04912ab74cf0c5b102976cfc78b7a423efd64677d1b84fa766eb25,CIV.1.1_1,31.291,1,0.0,66459,5.29816,-3.97156,74141,1,8.0
14cc02df34b796159b400e598ea328cbe79b47beadcc5e876fc75b64cc0c4b92,CIV.8.2_1,0.449,1,0.0,12285,6.97305,-7.54665,12285,1,6.0
14d82b235eea21fd2f07bbe8df68c0afea9e246cc0820d6addf7f44e126b95f0,CIV.5.1_1,4.777,1,0.0,30553,6.465,-5.95536,83872,1,7.0
15992703add3474b83719823d4c9a0a91f099d129580c4d1c239bb0a1f4e9c85,CIV.1.1_1,208.994,1,0.0,12250,5.37506,-3.97156,61073,1,8.0
160ebfbf43ac1fdfff9cd3a454ddc49ca2b1beb9372c971f8a496d812e798ad7,CIV.1.1_1,0.98,1,0.0,30691,5.3675,-4.02692,34446,1,8.0
1629875e9e938a040e9bc73ac257adfc03dd0038415dc068f7dc5dfa9764e53f,CIV.3.1_1,0.0,1,-1.0,98902,6.72089,-3.49915,98902,1,7.0
167cf908434eb34a3efdce4ffd1275fa69f39adfcac7f16ad2332053409c951c,CIV.1.1_1,0.946,1,0.0,53220,5.37601,-3.95548,57776,1,8.0
181d6e7e0d6ac877285265556bb74a893d91d4d94fde5dd16cb00c93516eba6d,-1,0.0,0,-1.0,-1,,,0,-1,-1.0
18786d5d1a69ef780ef7c951d76ec84d22ce5954f84e78ed91f42c1c3c1884c5,-1,4.483,0,-1.0,-1,,,81190,-1,-1.0
1892ec0c2b4ec7db5ecdfb7878b2a2c22b2928b760329d22d0905edfb767cf10,CIV.1.1_1,37.687,2,0.466,48018,5.36957,-3.96057,68626,1,8.0
18d49a020223940b5c86aecbda9190b44c946d4274fd9148c4465b626e1c5f85,-1,6.956,0,-1.0,-1,,,58422,-1,-1.0
1949d930f1f843bf8f89f4b879b67944da69a71449896e23738b4db79b609701,CIV.1.1_1,0.085,1,0.0,23285,5.35056,-4.10517,23285,1,8.0
1968963f2809062e7e57fa5b1ec14cfde706efd5b650282d6d6006fc9e873589,CIV.1.1_1,0.284,1,-1.0,73940,5.37665,-3.97231,73940,1,8.0
1970ba1123bcdaf9fd1aed915887b3d48ed033283e6100cc562558837667f7ce,CIV.1.1_1,6.318,3,1.195,10671,5.29816,-3.99353,14952,1,8.0
19a63714334e159543a0d2cd95baf314582f4cb3f99cabeea86ed7c2e39b7277,CIV.1.1_1,4.558,1,0.0,4783,5.32788,-4.09411,5381,1,8.0
1ab02e3559c3f64886697383c8fb6da9a59e7f9b3a43ab7d75388055def24e31,CIV.10.2_1,12.523,1,0.0,4173,9.46587,-5.61441,72655,1,8.0
1ab98f139206a11d628561caf6e1e6e933518c41106e2dedaf95e25d2fab27ad,CIV.1.1_1,19.309,1,0.0,23678,5.33661,-4.08142,72866,1,8.0
1ae739fbb6c12874e3505d5f1574264f5d016e797c5ecf233525dcedb0577037,CIV.14.2_1,3.938,1,0.0,27792,8.04898,-2.80015,70165,1,7.0
1b22d6e909d251b43fcb6860fbca8c1c1898bc97ed057df4c21dc8a6f847caf9,-1,0.541,0,-1.0,-1,,,12618,-1,-1.0
1ba64493484a57beeb338325dc5988dbdf8e0e228a10fe466b4fc5d05960612d,CIV.1.1_1,14.036,2,3.657,89735,5.36407,-3.99353,113002,1,8.0
1ba7b93d91b5c2d24378e7135bfeb2d1a2c1db55c6fb443874be282576e9186d,CIV.1.1_1,1.746,1,0.0,1060,5.32334,-4.07899,1060,1,8.0
1c306e270735990176361fdb0ce2ced461190fc08e16b12d9eafc104e178407a,CIV.1.1_1,47.744,1,0.0,2858,5.27069,-4.00452,13059,1,8.0
1c3c9ee55c23df5724c839ac586bffca567be6f832268ee46978074fb36e05ce,CIV.2.3_1,2.132,2,0.066,3361,4.74577,-6.63268,30169,1,7.0
1ce7c7a00ef8b65911eba7176ab5b97cde44fb5d3635424575202c3b9e5c74c4,-1,9.719,0,-1.0,-1,,,70194,-1,-1.0
1d1f48374a7b102b9fc855cef75d9754b3cd9ff4b59b351ffe0487838e222546,CIV.1.1_1,6.321,2,2.797,34010,5.38362,-3.94879,44077,1,8.0
1d2d584754329dff9959e20a609a5763b33eeb0c93cc991f4a9c472e9e628233,-1,0.0,0,-1.0,-1,,,0,-1,-1.0
1d7f3c4fa90233f82f53cab3a0f2c85d2ed17a42279916572e886dfc9f1e725c,CIV.5.2_1,27.529,2,2.784,5904,5.83692,-5.3481,34069,1,7.0
1e194fc20dd1fafc321113df9c8d2fa91859aa6e88151f5c3f40fb450fcdb6c4,-1,0.0,0,-1.0,-1,,,0,-1,-1.0
1e4c1199e08ff1abd08ef4abe993775d5d696e5f3287ff54d0f950083bc6b1b8,CIV.3.1_1,0.326,1,0.0,113702,6.71964,-3.48596,190862,1,7.0
1e568f6bdbde94c84a9383d98636a060e3894d002401eb2cc44dc1e9c98cb41e,-1,0.338,0,-1.0,-1,,,13098,-1,-1.0
1eb2ff4aa67f615ff8ffbcf2b50c054aac2fa98aeeff599ef3e34ae94255f5db,CIV.1.1_1,34.121,2,6.127,27557,5.38605,-3.98254,117516,1,8.0
1eb35a4aa073051b3ee7895ee315e96fb75746de0a6121e99cfaafb36b4e0efe,CIV.8.3_1,2.432,2,0.408,2761,7.40555,-7.55696,4164,1,8.0
1f0cc7f893d1e50168e82bd758ab165d52cb4920dc3ebfecb9cf58e915a91bbe,CIV.6.1_1,0.0,1,-1.0,25112,7.15302,-5.2252,25112,1,6.0
1ff1ad7fc3cce169e2b0e898b47f46646183285bc64e4e0d6963938e9e3b9b32,-1,0.15,0,-1.0,-1,,,39129,-1,-1.0
208b4aa35d39d276f674b9b91b2c06c9826822473a1eb76309b71b0c0841b1c2,-1,0.0,0,-1.0,-1,,,0,-1,-1.0
209122600a2139447373906a6ce2a5301c94122f1300c10cb8a17f6a2e5a7240,-1,2.093,0,-1.0,-1,,,2221,-1,-1.0
20a8586db1da4473fe59628e0745f01b141f8f4237d23f5150827af7d2a5e0ee,CIV.7.2_1,0.827,1,0.0,18605,5.32362,-4.3757,21184,1,7.0
20acbc4472d915952d546760f4d34ee27b1eec3f6e047f9d1833cf1f3f12e58e,CIV.1.1_1,24.592,2,8.207,15945,5.42285,-4.00012,40435,1,8.0
20b2e72c996a052a33f635edf3c84eaf2286342727eb208fd329894ff0d7b915,CIV.1.1_1,98.781,3,0.904,17483,5.33112,-4.09241,73556,1,8.0
212377d9221ad4a1c1481e844778b9fb0c20841394bfef2319f13c8b1907788f,CIV.1.1_1,0.238,1,0.0,19275,5.36049,-3.99323,19275,1,8.0
21e02431c0d9986f97b301ddce280fbc0e1e29059c27470e675e1b8ca8c700c7,CIV.2.2_1,7.806,3,1.282,13929,5.79884,-6.59525,33395,1,8.0
21fb1aa89a266a2b978b078626d37693718fd301b7571e10e5330bb18e69412f,CIV.1.1_1,2.831,2,0.075,1171,5.40426,-3.99958,8621,1,8.0
2213f776ff440e58a9a510286a9c484d4801e5eb93c9200d38ae998ada2bb1be,CIV.1.1_1,6.881,3,0.08,10310,5.30691,-4.01416,47306,1,8.0
22a71fa265dda21898446a60194a661be3677fd7901c72affbd684895d44ab88,CIV.1.1_1,18.59,2,0.708,2183,5.33126,-4.10658,26708,1,8.0
22a8c823c9f78347bd89763fe4f383fea904ce1ce7927ef5f0c3e24299b62d71,CIV.1.1_1,5.979,2,0.95,8937,5.33661,-4.09241,49892,1,8.0
22cb11e7b174919eb60179f8d8e89d5c2f91b96d7fceebf10e80b184435ce489,CIV.1.1_1,1.93,1,0.0,69283,5.32013,-4.05945,69626,1,8.0
22dccbccd08912e82a94092eac122aedc515a36d50e28bc16c3f159ae3a462ce,CIV.1.1_1,36.235,2,8.416,1945,5.39601,-3.99545,13312,1,8.0
2344428dcca7ac750bcc5462bb9421ad5261c70b2a85359eccbe800802fcf9d9,CIV.9.1_1,20.811,3,4.604,17490,6.90163,-6.40279,61337,0,7.0
23a1e07b66a24768278169d6cc87b71528b2ee55344292f23a283ff26ba1cd40,CIV.1.1_1,19.954,2,6.046,84269,5.3476,-4.0155,98234,1,8.0
23c167fdab146a9a9e903ee85968cad112a54d731243007ae268d2d7b35bf835,CIV.1.1_1,50.561,5,2.581,46107,5.38055,-4.00452,71252,1,8.0
23e4d7d06fe08c8c75e2d2183413ba9dff9e3c1d312edb7ff40f660a114f36f1,CIV.1.1_1,89.694,4,7.827,24165,5.35667,-3.88282,76071,1,8.0
241b4548f66fb8e530c5beb2fad399b3f066fe08434cf660913f9b3bd1d48614,-1,28.697,0,-1.0,-1,,,18278,-1,-1.0
24235269661ae97223a706eb47de8e6d5df3cb06f2bfe596eff5293385fc70e5,CIV.1.1_1,20.584,1,0.0,5870,5.44372,-4.06513,35137,1,8.0
2424bd63448af9cb08a9b22d5bbdff989af7094459bc86e493cdf9f94cb37f38,CIV.1.1_1,3.592,1,0.0,2118,5.41318,-3.98038,4310,1,8.0
24bec7561edcc98ec733f68a72c45d3c16f92542dcd2b52d99d1de2565028f22,CIV.1.1_1,4.96,2,0.111,2996,5.35158,-4.02013,24303,1,8.0
253202a13d048409d412cd2187c4720410abd912ae0209a28e8e6dbfadeaed3b,CIV.1.1_1,0.746,1,0.0,11387,5.28168,-3.97156,11387,1,8.0
25b5fc5445cae0e22df72e1cd4847ce01873aaa2ebfd68ad260eaa715a669a94,CIV.1.1_1,17.725,1,0.0,24723,5.49591,-4.08142,36928,1,8.0
26152024c423e5042366d9f9b20c1cbfbb13ebb72ed5fb2eccbe90ca870462ac,CIV.9.2_1,0.0,1,-1.0,17612,7.02859,-5.52471,17612,1,7.0
262747f6476dc983b3800844935d8ffd4524b773a634ce760cd1ce5329c79159,CIV.1.1_1,2.199,1,0.0,7315,5.32562,-4.02649,11484,1,8.0
264396cae27ef4f393b0b7dfa9e299e7888e50365fba90ebd1c8e7dbcf835dd5,CIV.1.1_1,0.968,1,0.0,6972,5.34013,-4.09646,6972,1,8.0
264d176bd4d4152feb46bc8c22c5bca4f84c25f14880e4a50b617ea297da8d05,CIV.1.1_1,0.329,1,0.0,23615,5.3442,-4.0472,27985,1,8.0
26c2639adf70bfdd3782009a33a324bd9060700967809c1d1b6f5fe7bc8ccdae,CIV.3.2_1,270.134,2,2.47,10940,5.26329,-3.60168,714059,1,7.0
26c3b7d40bfd873320219c39ec52ba5fee1b037e3b9157ccbee4c2bdf849164e,CIV.1.1_1,50.301,1,0.0,20647,5.37858,-3.9353,32675,1,8.0
273d14d0da724b65f053c673565898072bd6331902865b2c6cfc5aa28e6ccfd3,-1,7.33,0,-1.0,-1,,,61949,-1,-1.0
274405d667d6f55cb4e6a64476a670c200333fba920480ec8e7d20ea4f07709e,CIV.1.1_1,0.142,1,0.0,77446,5.34058,-3.99637,77713,1,8.0
27d1c050fb24aa2ff069d2446c04862811582683f0d3e7b014866b6afc449054,-1,0.0,0,-1.0,-1,,,0,-1,-1.0
2836892ed6d1c407bd911c3bf26e405c1f83666d3363b14ebe11538e2cee5295,CIV.2.2_1,0.581,2,0.206,16174,5.78359,-6.59257,21094,1,8.0
283e828c58b7df7dd3902e1f9f45cd277e3f24f3805bbbaaac4713b4b451f27f,CIV.10.2_1,0.315,1,0.0,38911,9.55141,-5.49234,38911,0,6.0
288593ac87640846f27c0833ff5c59f5f773972291bddd33870571328c1b0109,-1,8.675,0,-1.0,-1,,,84386,-1,-1.0
288abc261484f8b90b7188f9cee38e5a90ecc30f2aa191b97e7f93a3c36511ba,CIV.1.1_1,38.846,2,3.41,3712,5.35381,-4.03748,24877,1,8.0
28c659f20af9e5713898d846249ea2441d6a992346b007242bf9ffba67769ac4,CIV.1.1_1,1.528,1,0.0,87005,5.3421,-4.02649,98506,1,8.0
28f31cfde90f14d57be033acf3a87a460d345b955dbecac61fe081fdfdb6ad33,-1,1.564,0,-1.0,-1,,,107856,-1,-1.0
290f48384adbd1c727b038920afaeee90f3550f035d2b9e51a57d1f2c508fae2,CIV.7.1_1,0.0,1,-1.0,56082,5.67498,-4.57131,56082,1,7.0
291b161a0f243025191967b1f91b64ff91e00da402a9247e7826ba9a2538472e,-1,0.0,0,-1.0,-1,,,0,-1,-1.0
293129b71c75ec16cbb9cfb52e4570c85a45bb2450d657f940c53dc82678a5ec,CIV.11.1_1,0.435,1,0.0,6559,7.72696,-5.02875,51861,1,7.0
29a6582374eca4b691a1be16f2e93bee75ef880eabfbfe9d19f5f0be8c889672,CIV.1.1_1,79.397,1,0.0,3498,5.34567,-4.06507,77820,1,8.0
29ac1b5c2daafa8d2f676a98e21b8b420e06e0eede9c8a45ac75ce8e98060fc5,CIV.1.1_1,0.031,1,-1.0,2004,5.3282,-4.11006,2004,1,8.0
29b855419464f976bac26d62ed19444e5a71e2a20ea1f72664e4832cae0f5304,-1,2.729,0,-1.0,-1,,,4721,-1,-1.0
2a0a83fcd366ad55d5ef813158e2e2b1dd59f95ca064b9459755f3485d955699,CIV.1.1_1,9.171,1,0.0,57142,5.35309,-3.97156,68138,1,8.0
2a276dfcdb0cd65fa2f1c05ac98aa15f906c9b1e33f0a447d7b3c833a25c43cb,-1,3.665,0,-1.0,-1,,,27025,-1,-1.0
2a2de4b5372347bec62aec57558daef2f48e20afb4966350054a1f3df88c6710,CIV.3.1_1,201.718,3,114.661,26520,6.72901,-3.50903,36869,1,7.0
2a928633cb7e1396e115bffafe7e3a511015166ebd645d9f1bfd8bb1c02b26e1,CIV.1.1_1,0.175,1,0.0,45695,5.37172,-3.97134,45695,1,8.0
2b106ee0c7d062972e87450946537d0a5893ec08d715340625984413e20e484d,-1,0.0,0,-1.0,-1,,,0,-1,-1.0
2b63c606cf998613d37ae932eca38975fd3a8ff7aeb7534973959d7fa369da59,CIV.1.1_1,3.501,1,0.0,65085,5.36957,-3.97156,67873,1,8.0
2b9a1031b1da164781ecb26635344acf262ad6b288596bee054a93ae68e27cc5,CIV.1.1_1,0.594,1,0.0,30454,5.33769,-3.9473,31842,1,8.0
2bca48ac1235b84f601bb4174df4188ce3a737ec675149d26e5b6f23384c2e49,-1,0.0,0,-1.0,-1,,,0,-1,-1.0
2be1c3cc26d6cb35baece9df492401eac8dd22e88e429ec13d7c66b484d0a25c,CIV.1.1_1,0.0,1,-1.0,83369,5.44098,-4.02649,83369,1,8.0
2c144af9282e0818f5864b5f4c3feeb67621f3998660682bfde514bf8a616836,-1,0.0,0,-1.0,-1,,,0,-1,-1.0
2c55fc7b2aada949ea80b52d3e1f164a37a90fa77226c766a8680f3396dd9d9d,CIV.1.1_1,1.529,1,0.0,1118,5.30413,-3.9783,4171,1,8.0
2c5b03a2f41c642f67a56a9c7f3353aba748119d82fcce1c2de34dbb7a07c586,CIV.7.3_1,1.064,1,0.0,35420,6.11788,-3.85087,35420,1,7.0
2c75e70f2ad5c203c6bb5f1f1736c365f78573a9da1a27db5378445ae9a6a1b9,-1,0.0,0,-1.0,-1,,,0,-1,-1.0
2cedf57d0362dda803573b02fefbda546c6b56af2da877df749bce41ec2aafb2,CIV.7.2_1,68.733,3,25.948,46529,5.31919,-4.66391,52104,0,6.0
2dc3569c3b68d573e0b5b49d235a243836c0dbb8eca5f0861406e339d2cc362b,CIV.1.1_1,108.316,3,1.379,50315,5.39154,-3.98254,67968,1,8.0
2dfc7a8ec129fb308e74ca146377dca68a619d84405c82525664e4d9ea4d0bbf,-1,0.0,0,-1.0,-1,,,0,-1,-1.0
2eabe37f1b9cb18eba6d2812588513421e8401639d15a1152bde3c598d668599,CIV.11.1_1,2.598,2,0.153,43413,7.70438,-5.02727,52153,1,8.0
2f7444ea3600b4e87659cdc22dd4f9fbe528b7ee6949bf1e241e22d4c85bef42,CIV.1.1_1,0.31,1,0.0,2718,5.38414,-3.9045,3238,0,8.0
2f93d57780a42d68703818573b4089b53241886307f71738ac13cca9f6222108,CIV.1.1_1,6.403,2,0.334,4055,5.49539,-4.04664,6208,1,8.0
2fa4044fa50016cd503fba82e69f3126563532d0a9e8068ecf3d616daa6d9e7a,-1,0.0,0,-1.0,-1,,,0,-1,-1.0
2fe4fc5fa2619de9eb97a678877425c0893f886b8edafc5d82fe0d19a069c4f0,-1,0.0,0,-1.0,-1,,,0,-1,-1.0
2ff1bf7cfdc08ebd0820e18fc5683d8e3b18b5442dc8e000b793bf826eec0f16,CIV.1.1_1,5.491,1,0.0,37947,5.30365,-3.94958,42639,1,8.0
3026d3e9e464ed94fb4ee96ee98620a23fcfe41f968adec2d1d9cdc6d9868d26,-1,1.158,0,-1.0,-1,,,69522,-1,-1.0
30fb4b44237ab05887d35a62b5f9856987b5c644f827ea8a305e93468430bed8,CIV.1.1_1,22.685,1,0.0,10990,5.34712,-4.07447,16889,1,8.0
311b19f26cd54d4a89ef33e8f8e5ef7e2e9931b30c3f8ca235aea5a2e74d2a5d,-1,6.981,0,-1.0,-1,,,2495,-1,-1.0
3126d7478628ecb670f63325e385384f92ea92a1a9713fb5ad2dc3c2821dcca7,CIV.1.1_1,0.0,1,-1.0,10198,5.37582,-3.99469,10198,1,8.0
3129710db5b6d58b5620bed0fb53e5af158b4805402472d351b60b3950b1089e,-1,0.0,0,-1.0,-1,,,0,-1,-1.0
315dcc9b19e8012e60b2f00d22fbdc40cfae3c2ce2a1d40d099a16a4522008ef,CIV.1.1_1,62.357,2,2.339,11295,5.37318,-3.92784,20559,1,8.0
321152746005c03a65648ef51e45f442dc81d1341aec3c77d7541b4bb6e32c3b,CIV.1.1_1,6.628,1,0.0,17557,5.28697,-3.97923,90715,1,8.0
32168b827903b2ee3b5867fb6fcdbc571e0cc8c5166627229d99a0e0e776365a,CIV.1.1_1,0.697,1,0.0,31995,5.29567,-3.97783,48135,1,8.0
3259af0ccaee0bd70673959c8b2e1c42f40ecd18223dce88eff6a06603447ee9,CIV.1.1_1,86.718,2,8.939,30689,5.37588,-3.9931,84597,1,8.0
329f5b97f4478d6faa7758877978ea5cdd2de017b83fd0b31a763fb36b454de1,CIV.1.1_1,3.3,2,0.427,4744,5.29661,-3.96565,68137,1,8.0
32a98bffb2de511845e1751862a7308a2e4ad4e8423854420d8bf31f88625cb6,CIV.3.2_1,0.086,1,-1.0,59327,5.46878,-3.20634,59327,1,7.0
32ea1a076c990021a292bbebc030d8b5e87f30b905133967e5c828ac1a301ac3,CIV.1.1_1,0.0,1,-1.0,83579,5.33112,-4.09241,83579,1,8.0
330f7695160ee4f8675cacc5e34dbb5fdb3f6e9b209a0838867aa860860a3ba9,CIV.7.1_1,2.265,2,0.612,11129,5.89142,-4.82849,59073,1,6.0
333e3ae731631a5f744caf52024878c664f52a88e0a1e7065305089179cce628,CIV.1.1_1,14.195,1,0.0,41155,5.36407,-3.9386,42951,1,8.0
337c95e2be41c5d1c4fa53c18379ae60cf2951aa9228782971b73a478c6f2a01,CIV.1.1_1,22.457,2,4.776,21195,5.38605,-3.99353,40836,1,8.0
33b014e827f4661468fe19da4ac6e3965098d80959f5782d0ade3eedfffcfe34,-1,1.764,0,-1.0,-1,,,1957,-1,-1.0
33c8137478b5f538ed64b61c4e21eb85556a4909e9f6a0f9fa1046a5345ec80d,-1,0.0,0,-1.0,-1,,,0,-1,-1.0
347456d6a50c3f78c9d003c28e25982117717cbbae695853099f045f4e71c5dc,-1,2.368,0,-1.0,-1,,,38464,-1,-1.0
349e5da388d30d6d06bd7179e64b82f1999b57bbcd4e1829a277784ecfa2b91c,CIV.1.1_1,29.894,1,0.0,26669,5.38605,-3.92761,62780,1,8.0
36001e8cc2b094ee206f0e499e294fff432c698fa2c3edd85f63f7cdbd999d3f,CIV.1.1_1,63.219,5,6.958,36476,5.32864,-4.08778,74154,1,8.0
36ce5f93bf9bb8a9f97c34e5ed1d4ff6ebbcce595852bfa3e77e577d743199ab,-1,36.295,0,-1.0,-1,,,13458,-1,-1.0
3774602d9b3b60e334ea31a9263e94ec5ef415f5b7c4e5bc498eb812adcccd58,CIV.1.1_1,0.0,1,-1.0,101392,5.35858,-3.98254,101392,1,8.0
37d8b125f84635e8e2e9886d1ff2b9d76b0c6c187ab104a6458ffefd997fe034,CIV.1.1_1,9.531,2,0.397,16670,5.48642,-4.05331,40153,1,8.0
387066773d79b831b724a797ea8d21f9593f13f8022e5efa701e389e6d011bad,CIV.11.2_1,1.127,2,0.1,10412,8.36648,-4.42898,60269,1,7.0
389a6ea1b263bd59125d0fca8f34e0f23ee4a0363455eb41ac2fbea848c582d4,-1,0.0,0,-1.0,-1,,,0,-1,-1.0
389d97c5bb06f322994253b790170b76f65623de1395b20e452464bfeda7746f,CIV.1.1_1,15.761,1,0.0,1530,5.29325,-3.99874,90065,1,8.0
38c15b417a94cd4d6747175f3a17a3589ffbbdac1e2161ec79001c771496fde6,CIV.1.1_1,59.357,2,3.852,10298,5.32108,-4.01159,31607,1,8.0
38c632a0997c275a1562696cf218395f1152305566f940cb0eeae3e4861ac986,CIV.1.1_1,36.602,1,0.0,76545,5.39703,-3.97156,98442,1,8.0
394b9c7acba43b13cd38fe369c19b37c00efd39ee361533b5494d0e11d003d6b,-1,0.0,0,-1.0,-1,,,0,-1,-1.0
39ad50145161507c1a8e5814ab83deb07c46a84e960bb76999b46f183c1b995d,CIV.7.1_1,64.91,1,0.0,33004,5.73508,-4.52217,33004,0,6.0
3a6e7174cb9507c67717ba4479b3eb73775170298ec4239aecf6ae661dc5288d,CIV.1.1_1,4.197,1,0.0,13181,5.28717,-3.96057,21835,1,8.0
3a7d495e62ead6dbd2769789420e4248d6ab8b26e606f625ec3122e246f23174,CIV.2.3_1,19.607,3,3.153,75870,4.74335,-6.63025,90577,1,7.0
3ab9d449f6c3acb20dae162dfe567b5cb2fc951881a9f162101c87fba2ce43ff,CIV.1.1_1,18.587,1,0.0,30964,5.37831,-4.0071,135135,1,8.0
3ada2843fdca94dda3899984e248b05e456c5202233d3edba0e3577658f0905c,-1,0.611,0,-1.0,-1,,,2672,-1,-1.0
3b0b656f755e320dc470a78b750e2e6013173d991557044b9cf4654498fc0f57,-1,1.203,0,-1.0,-1,,,774,-1,-1.0
3b15a7c42d3ec8e835bf31c380882f1b490c94af19d41eb8e9a2e561554890e5,CIV.1.1_1,4.356,1,0.0,86782,5.3476,-4.07043,95084,1,8.0
3b174079d68ae062eb6d0d7d09a32d86399aa0917a02ce39c8fb502b7fecc725,-1,15.199,0,-1.0,-1,,,38509,-1,-1.0
3b8f6b80f1f31e111dd2c2b692cac77f750ed071808cf71809bc585baf0414fc,-1,11.358,0,-1.0,-1,,,52967,-1,-1.0
3ba9272308a0a08c06047e663e8d1092f7f62708f589ee6f848c5606f5e913f9,CIV.8.3_1,0.36,1,0.0,1211,7.41169,-7.55112,2724,1,8.0
3c07018fd7073a725c04617db0ae539a8cccea108d9df6e24766f85f21171557,CIV.1.1_1,6.288,2,0.145,73043,5.28168,-3.97156,91332,1,8.0
3c0f9e92d35539e3c0f40d293a65f0e7ac667342e1df536804a52c3963b2de86,CIV.1.1_1,9.142,1,0.0,1573,5.35536,-4.086,14926,1,8.0
3c17499391a4804bd7b07530dc1c89a1477a30611fbfbedc8ddd2864a5d16d2e,CIV.1.1_1,0.204,1,-1.0,4955,5.35414,-4.01946,4955,1,8.0
3c17f9ae92e50fe93ddb9eb34c08de7ae57a0a2557c3c02647887a0baa38225b,CIV.1.1_1,0.082,1,-1.0,43274,5.38582,-3.96831,43274,1,8.0
3c5b22739accf21d108548ee903c469470942b2241eba389def874099a679897,CIV.1.1_1,0.959,1,0.0,1656,5.37752,-3.92803,14773,1,8.0
3cd581a0d286307aae5d32b039cb467a528985d6af83940daeef1dbc81ea74af,CIV.1.1_1,1.336,1,0.0,12631,5.30365,-3.94958,12631,1,8.0
3cf4206f9e9890933f00a3f90ee0a2b15f5b99e6cac2793c658a8222a2645a85,CIV.1.1_1,2.117,1,0.0,36818,5.29816,-3.97156,38041,1,8.0
3d05caa26bd760dfe6585bc1b27056571d742f6c8e7c7d0a28c92cc4329ba8ce,CIV.1.1_1,3.097,1,0.0,70642,5.37907,-3.91228,71608,1,8.0
3d827813746a066fb1535d342bbd16f091e4d2a026bea168b694f1cabde7a73e,CIV.1.1_1,132.67,1,0.0,187666,5.34536,-3.94586,661331,1,8.0
3e9632778b5576709cc2d5406409c0f8b785ae5e7609f1fdfd85e5c676dcc0a1,CIV.1.1_1,50.496,1,0.0,49414,5.35309,-3.97156,58428,1,8.0
3f30a08bb0d5bf52aaf9be24b4a1fd2d1a47e2aad2de5312d0fca4759da1f4f9,CIV.1.1_1,0.0,1,-1.0,70026,5.41901,-4.0155,70026,1,8.0
3f7ebb9adbc1527763d25eddcf18c31d31cd762930e1f0afed7e9fbf03beaa96,CIV.1.1_1,11.996,1,0.0,8365,5.3421,-4.05945,20497,1,8.0
3f82b8cf2a9f77ccee4cf88c8e4f905fef9f6d556bd8cfb195b0aa309974c178,-1,0.0,0,-1.0,-1,,,0,-1,-1.0
3fa46c74a82fc698c3e2a4e41705caf7aadcbb56b39915f22084638d5ea78395,CIV.2.2_1,0.015,1,0.0,4099,5.78798,-6.60019,4099,1,8.0
3febd2a8a5f9ac78522f47eb3a4e0c149f63a6c6ff5cbfe4af56b057a28c4826,CIV.13.1_1,1.711,2,1.712,23173,6.86371,-5.28992,26450,0,7.0
4024024f1fd75b6173fbd826f7d35edf4976cbfae336af9256d4a505cd065e35,CIV.1.1_1,18.558,1,0.0,3104,5.36245,-3.95759,13666,1,8.0
403ed4f45dc4575ef10c43a9cb402bff1c49a15cd151af9e5c8c90f17f95963d,-1,138.674,0,-1.0,-1,,,184169,-1,-1.0
409bc2d42c60f4aee70cbca101361dfca15bb35b7abe911b44e4c63c6f87ec9c,CIV.3.2_1,21.14,3,0.641,10116,5.21613,-3.74129,39198,1,8.0
40b1776c96dfd3777f0f64b94a1fa1f87fb6ef9f3d1a0d57a8da774d4395d3db,-1,0.878,0,-1.0,-1,,,10754,-1,-1.0
4110dc7374299426f222416c373fb243bdae9a9580d3530f59a9f3dbfd678081,CIV.3.2_1,0.088,1,-1.0,32757,5.29332,-3.60156,32757,0,7.0
41b79065d9c239454f51f740fc405340d28b0a50df4ffe481942afa0e53bfce6,CIV.1.1_1,4.125,1,0.0,9278,5.5069,-4.04846,20106,1,8.0
41e9c09169783b865210fb08fc3c1cb38f214363eb1ee9e4c816ab286cd5bb81,CIV.11.1_1,12.659,1,0.0,19023,7.70799,-4.99243,49074,1,8.0
426914e07af291d7b388fc8db3de95fe70f231772c032ae90fafd2da96dcbcea,CIV.1.1_1,31.619,1,0.0,822,5.29829,-3.97344,38149,1,8.0
434a898ce1b38d085d756b2b3fb0a307f599561d1b3c308fd97df2dc05705428,-1,5.329,0,-1.0,-1,,,148290,-1,-1.0
437c9c57266e92a887be05547bd69ad29236611bf11b3e5bb1cdbef2f8edfbd7,CIV.1.1_1,0.05,1,-1.0,73000,5.33199,-4.06084,73000,1,8.0
43a3c143244200a42a2bf679651f3b5c88a714008755f3a8884e07caf4566b4c,-1,0.0,0,-1.0,-1,,,0,-1,-1.0
444a2ee80ab3a8ea5402b8bf7bbdd563fa6b751f782c712de4eeb8ebdec3db37,-1,7.504,0,-1.0,-1,,,35915,-1,-1.0
4460671665b31fe0e42fe0eb8ea24effe2a38909fd1e8715474e1d89bc3b1975,-1,0.0,0,-1.0,-1,,,0,-1,-1.0
4466c1149e88266a66c78dbab531e062c4d62a764086c94d0d3a38c363283d1a,CIV.1.1_1,0.907,1,0.0,85066,5.27749,-3.97243,92417,1,8.0
458ef696def7328d6c4afbaee9c9f4d4e90460e68ae5dee5cd481297f8a669f1,-1,11.135,0,-1.0,-1,,,42928,-1,-1.0
45d8884266be2d063ca891989dd3b8504fad701dc8cc5758ffdd29c5392dc1d8,CIV.4.2_1,3.496,1,0.0,2180,9.50416,-7.56308,20824,1,7.0
45e4a80412317e513980b49b90d359cac2c94063871f8ab5990dcbf46d1a4272,CIV.1.1_1,13.149,3,0.65,11193,5.34919,-4.02761,43714,1,8.0
45f021bde6808071e0c48e150815d6463ee1e93a1e985c0cd64594b887ad33ef,CIV.1.1_1,8.846,1,0.0,1621,5.36466,-3.93525,67530,1,8.0
462d7375f0bac0616db33a6413bd21dc63314f43599a4a2b01e91c94aa4cc04b,-1,0.834,0,-1.0,-1,,,9570,-1,-1.0
466e0e46a4a3fdfaa584f7540b7757f1b154eaa3784778644f808c21b35ab59d,CIV.1.1_1,0.168,1,-1.0,71447,5.37407,-3.96956,71447,1,8.0
47ee936ff10e70a30057e009f0e235064af06aba4ce66e658487285ebc42b370,CIV.1.1_1,2.91,1,0.0,38611,5.25421,-3.92761,38611,1,8.0
483b91c2462d8e9a6a44b720544db6163041267a1b4c91f6421010102a72c933,CIV.12.3_1,14.455,1,0.0,46356,7.96412,-6.68026,46356,1,8.0
48e0d8f48c07379862a540eee2f8c196b93c5ce23d016a199b1bcd32fe91c9a3,-1,0.0,0,-1.0,-1,,,0,-1,-1.0
490b87bb29d2c6706921efb3783f7a5284e071322faba55e511d3a19c1ae38f4,CIV.1.1_1,74.091,1,0.0,3528,5.37964,-3.99296,77356,1,8.0
494697efc551b39a93ef41399a8abf3ed69aafc7388ae53a69074175a0ae6fa7,CIV.1.1_1,0.0,1,-1.0,33151,5.37998,-3.99512,33151,1,8.0
49ee6b06d5c247d6573b3568af908f5aa999240ee1dd1dbd6418d72bbfb45742,CIV.1.1_1,11.317,1,0.0,70791,5.36957,-3.92761,73699,1,8.0
4a1a971efb0cbc5844e2a76743e36d127ac912ff25632bdc211e46056dd030cc,CIV.1.1_1,4.602,2,0.99,36068,5.30135,-3.96769,63134,1,8.0
4a263cfa7d34947f2a62c6b149f6ecd0b1e01f30288b3526ed91f8542d9c931b,CIV.1.1_1,3.289,1,0.0,991,5.30511,-4.01409,39131,1,8.0
4a35110cdacd705a997ebc452acd0bc7247eb04084e1bb9ec7e422360f6921ab,CIV.1.1_1,0.0,1,-1.0,92389,5.33112,-3.9386,92389,1,8.0
4b0279385463b2a0483c693fa62e024d8d6b4187e7ba48666bb07a9a2f043c89,CIV.9.2_1,30.417,2,1.472,177961,7.48722,-5.87164,239112,1,6.0
4b38edd00091fb6528ced4f9927ebefe973e964f305540b6ecf1a8414918d782,CIV.1.1_1,0.104,1,-1.0,118069,5.35776,-3.99531,118069,1,8.0
4b4a291ad1b0a32337d3b64f2d3dd2f25ff4ea16a94c20047c914f95a78e07d0,CIV.1.1_1,0.4,2,0.081,13259,5.34618,-4.09367,58843,1,8.0
4b69ebe2a511a2d7b0690bfb0a4fe90b818dbdb882bed1096a3dd291ce9c776f,-1,457.316,0,-1.0,-1,,,379209,-1,-1.0
4b89632fea14056a575d82b7fab6ae35cddfe175e223742d91ef7366dd68831f,-1,89.542,0,-1.0,-1,,,79709,-1,-1.0
4bcd8c649220da5fae173e498e51fe1e12f5293b39fb07a5199844137c601799,CIV.3.2_1,30.709,2,15.123,17648,5.22513,-3.84923,24155,1,7.0
4c69f9cd64ef656e0be75281209f283c7d42e9338eaa7929518a347b74ca0f03,CIV.14.1_1,1.033,1,0.0,1219,9.27219,-3.00058,2903,1,6.0
4c8a67abaa900468a37591873ef4d1f53e35a1217a2c73fdc9fb6a415c064510,CIV.3.2_1,66.366,2,12.839,47377,5.21576,-3.7738,75364,1,8.0
4d641b9fb75bd17b04f1b46b4b32cfb53a7a78cc60d43e3f667211f25d7243d2,-1,0.0,0,-1.0,-1,,,0,-1,-1.0
4d998e6ba03067ae5da236f2a276434540c80d0a1244d9737cd18318649a5158,CIV.1.1_1,0.111,1,0.0,12492,5.36905,-3.95409,12492,1,8.0
4e5429436bd9d3d83c110e28fd0dfd175f06bb09aa46919a8a54d4b10d7a0ac9,-1,10.856,0,-1.0,-1,,,4671,-1,-1.0
4ef7d1fe04610a98675b392cbe5c5338d3c765439716d66c22d188bc7e3cb6cd,CIV.1.1_1,0.078,1,-1.0,21255,5.27633,-3.94802,21255,1,8.0
4f7efa2c277125cf081791761eba81e83d3970040a8485429b5cbb96a239a375,CIV.3.2_1,0.012,1,-1.0,3215,5.26315,-3.5991,3215,1,7.0
4f9a54be38b41ec18ffd1db840a6f3d4f4016f3fcc01f8e53e48fa2f883b9e1b,CIV.1.1_1,7.544,2,0.049,1081,5.32992,-3.95442,5742,1,8.0
4fa4acc2c0dc17920c9886c63978424e9a4534e46193ffc2084de1fda5206b7d,CIV.1.1_1,0.0,1,-1.0,81035,5.32013,-4.0155,81035,1,8.0
503fcb0c376cc6ccebab32e4a1af875e74147ad5d7311a1f69bf7c11838f1716,CIV.1.1_1,13.678,2,2.162,30458,5.32661,-4.02095,53169,1,8.0
50c8237ad7dbac2ad36c1e3d40e5be3e1411f118774d24afa1bcb04c85c2ea8c,-1,0.418,0,-1.0,-1,,,82355,-1,-1.0
5127a239ef63d8182ed4aacbac5eebd2c4b5dd6ccbfe982dcca4100e3e2df192,-1,0.0,0,-1.0,-1,,,0,-1,-1.0
5132e1c6cb84fced6656cac96a08f32984a130272900f1bd90ffbdae40d3b889,CIV.1.1_1,15.704,5,5.609,22809,5.28252,-3.9491,61932,1,8.0
513dc85f07d5aaeddcd4455cd77cd179fea74bf934162d296223b93ba979415f,CIV.1.1_1,8.648,2,0.093,20372,5.28754,-3.96365,64610,1,8.0
51e2d7ad699f79b0c1c15b437d1cc2fbedac07c13516aa282e0169464b7943fd,-1,0.0,0,-1.0,-1,,,0,-1,-1.0
521400d83aa005cc3d2e9a8ed255a0d33221041fdaeeaf922bffd0c80f439eeb,CIV.1.1_1,37.8,1,0.0,1675,5.37552,-3.99365,65189,1,8.0
52413e608c0ea6d8dcca522807038eca63780e176810f1d671ca60d93851dee6,CIV.1.1_1,8.311,4,1.546,73833,5.28168,-3.97156,86958,1,8.0
52ab3c22ec26f896d03bd490fb52e608dac62e040ca0d09c9a7948789b19d1af,CIV.1.1_1,0.0,1,-1.0,84169,5.36407,-3.97156,84169,1,8.0
52ef87f92bf8923f4ae501db55ebc0c67dd93f8241251dd7c014c51110370356,-1,0.0,0,-1.0,-1,,,0,-1,-1.0
537e4f1ac29e341abcb01804c8f826c01b7cbf764ae41ef93342b593462c86c4,-1,4.125,0,-1.0,-1,,,11839,-1,-1.0
539098d972f388166dd6948ea194e847054eeb445dd175a46880e89e4f6b7e45,CIV.2.3_1,2.242,1,0.0,602,4.76549,-6.64634,64425,1,8.0
53a622ada3db11b0940e9787f44d1d01de4d9184657575c2686dddc6619ae660,CIV.1.1_1,0.18,1,0.0,12409,5.30727,-4.0427,12409,1,8.0
53eeb6cc7cdb73f297d618edf85055bcf85b3679943cc2b2641290d649e4735b,-1,4.989,0,-1.0,-1,,,6549,-1,-1.0
5469f029a52a996dfa63718ed2986a07932dce2099c20e18ce0942d5d3c1faf3,CIV.1.1_1,0.413,1,0.0,1323,5.35801,-4.0255,4830,1,8.0
54a16e524370d2787eb9bc6ed4dd383a2f1321665a9cc573dce0cdcc4a056cf1,CIV.7.2_1,2.877,2,0.513,126695,5.31868,-4.37905,154041,1,7.0
54a858049534db78522aacb0113689ed680fb64d85b6691d6db8ab58d53912b0,CIV.1.1_1,2.729,1,0.0,35565,5.34684,-4.07685,35867,1,8.0
54b11c98f3a452b1f72ae39885b0c84c58f1915eb996fffa762d71cf2c4908e5,CIV.1.1_1,123.481,1,0.0,15049,5.38306,-3.98209,55348,1,8.0
54fafbab1fc88ba8b7e27feaf012497ebfc958d9cd02c12d67ee010755f9c4b4,-1,1.264,0,-1.0,-1,,,3485,-1,-1.0
561c3664dbab910a8925ab0857b956f0c526a71c91a2ff2719568187eac2b448,CIV.1.1_1,12.037,1,0.0,57945,5.40253,-3.98254,78657,1,8.0
563ed979e6828a8597cbcc7e550a17f018f9fe5b49b8a957347bb00cacce62b1,-1,8.288,0,-1.0,-1,,,6420,-1,-1.0
563f7f6226ef69eb11b5bc5708631180364f816650e7fc559d01cc9d264fe843,CIV.2.3_1,0.0,1,-1.0,14733,4.75149,-6.63116,14733,1,7.0
565acda9b05d07ff7dce9db42a73ef718391ec363dac089e9b3b46964859ed14,CIV.1.1_1,0.0,1,-1.0,75821,5.30914,-3.98254,75821,1,8.0
56885edba64b5313c80c03d0d921cff4eb8c3922d0ca5fbd99ff007362a48022,CIV.1.1_1,0.925,2,0.014,8006,5.33434,-4.093,22536,1,8.0
5712364d27d33dd61f6e75f8ce6dbf8b87c0cd84f4a8c5ef90727f26104f629c,-1,0.0,0,-1.0,-1,,,0,-1,-1.0
57290aca00671477db8b7e340683671e9fabb369deb1f5d3737248ca8dfc3453,-1,0.0,0,-1.0,-1,,,0,-1,-1.0
5869fd80cbe936fad9430f6ecf59ad6bc624c82e1f7f469993b47c4bf56e364d,CIV.2.2_1,10.824,1,0.0,31424,5.76983,-6.59812,32065,0,7.0
5909a590131fe45e6e9c328e112b5b2dd78e96119f70f02847f82adac54de118,CIV.1.1_1,0.0,1,-1.0,58598,5.40802,-3.98254,58598,1,8.0
59282071cdcd381ac5aad289345d2dc40d21a025e539f6a40a21099192e26f74,CIV.1.1_1,0.934,1,0.0,18205,5.30861,-4.00937,30513,1,8.0
59428f8ce8b351f4d535b3a9b8dd3b0b24166d574e16f9177b6cd97a6e5e442d,-1,0.586,0,-1.0,-1,,,363,-1,-1.0
594d399edaf16856de201747a2bca77b9a420afd5f1ddc1a9d4bdf8baaf043dd,CIV.1.1_1,19.662,5,2.953,67897,5.31464,-3.99353,88927,1,8.0
596771e248252e19af790aed73e5c95485be3871e63ebf7c3f3da85ab248449f,-1,0.0,0,-1.0,-1,,,0,-1,-1.0
5a28b6e24b4d382b9ac4567264ecf7980ed42e1d7e620ea5baa63a1fa6cc16c9,CIV.1.1_1,17.767,1,0.0,65951,5.3476,-3.96057,79754,1,8.0
5a530d3e23001c0c276dd94f59eb60df44bc164cacd30e0853392f473459acbd,CIV.1.1_1,16.052,1,0.0,50516,5.3421,-3.97156,65575,1,8.0
5a5a8e792f5dbfd822e7b9108a5fa87133b205afedc5acc11944ae97cc22cf17,-1,17.906,0,-1.0,-1,,,41864,-1,-1.0
5a84af94427dda284e998df05c0c8643a57824fb9e7c816f9abb61289d6e2d28,-1,0.0,0,-1.0,-1,,,0,-1,-1.0
5b2805fb52ff7fe0382bb315b17176190bba0dbcaa27f80526ab1d08a379060e,-1,0.0,0,-1.0,-1,,,1,-1,-1.0
5bacb485d28745a565a44786c73a06f5c39fcf900a5bca67efe0479b195eaa43,CIV.1.1_1,0.0,1,-1.0,158065,5.43549,-4.00452,158065,1,8.0
5bc7d637e7227a6e366faf442bb5f9ae91e5c901fbf5a7a69c6758c89efc10a9,CIV.2.3_1,7.614,1,0.0,23914,4.74625,-6.64214,31222,1,7.0
5bd22e4a50bb3c631f686de2975cf4f45d41d7edb11d98a290a86120cef7fd40,CIV.1.1_1,0.416,2,0.098,26652,5.34121,-4.05533,43219,1,8.0
5bfa923043feda179881c79088a7b055c6af1462320ba100d497f967f1bbcc90,CIV.1.1_1,2.988,2,0.143,15200,5.35251,-4.02341,26807,1,8.0
5c46696c52040e5887a88f1a438549e5fe7c3f8e4043c4770e0c6e9a0dfd0d82,CIV.1.1_1,0.518,1,0.0,98764,5.30365,-3.98254,98764,1,8.0
5c5de822f1a50e745ea8b4a1c0a3f23cca5a6a95fd7d812b0785e708553870b6,CIV.1.1_1,27.395,2,3.85,55997,5.36407,-3.9386,71501,1,8.0
5c60993f1a80e6aa10cd54ebd452394651dd7171c673dee57537731dad97eb0b,-1,32.35,0,-1.0,-1,,,11729,-1,-1.0
5c65005c9e7a94279730792bde9cb94797985a6119cc746f1f67ef47ab22ed0c,-1,2.053,0,-1.0,-1,,,22180,-1,-1.0
5cc41ecfdeabd96fd409fc511744ded2cf31a3535037e81c60887f22f9112d59,-1,1.527,0,-1.0,-1,,,6529,-1,-1.0
5cec772d88aaaae7e7c15adb36b754c84a925b16b580010fc69d9e186e5a34a3,CIV.1.1_1,0.927,2,0.023,67463,5.31029,-3.98862,81641,1,8.0
5e62c14e00671dab756ba58cedcd6dc250217ed09d380905b23c4c9723e2f006,CIV.1.1_1,0.0,1,-1.0,74301,5.30914,-3.99353,74301,1,8.0
5e94d5f2e6d83fad7f06598546716348ab23f0eff8a4b9ff77218062a97f5ebd,CIV.1.1_1,93.061,1,0.0,667,5.27598,-4.0101,62825,1,8.0
5ec11bbfeb8fed482b61c02c07b72bc37d30cfe110d627790666cfeac56cb83a,CIV.1.1_1,13.934,1,0.0,5994,5.38525,-3.95504,27985,1,8.0
5f53f46332deaa8429ec66dba7ea009bffe5322ae2f196804d558e4a6266fd8b,CIV.8.3_1,10.804,3,1.614,20669,7.41136,-7.54995,45958,1,8.0
5f579feed9ac11b86f262838644cdca66099ea604c2bc1004717fb2104df4f10,-1,338.343,0,-1.0,-1,,,87113,-1,-1.0
6134a763b217a881c33d296077039d4481dcd93302e29f3fb8f8302ab3ae48d8,CIV.1.1_1,2.77,1,0.0,36548,5.24977,-3.90249,75362,1,8.0
614f9997dbf4577ccc41b997a90cdb17d6e2c4067bf46210c5d10e265230d523,CIV.1.1_1,540.759,1,0.0,80569,5.35119,-4.0985,288065,1,8.0
618758b941f8a728154dae1d63705d2418202e4eec7bf3c34e719a8bafb1e681,CIV.1.1_1,25.24,1,0.0,19591,5.30588,-4.00461,72376,1,8.0
626d0f9b05060a8c7333558ca684d5905311ecb1cb243bb3a64c0b6991fc8a76,CIV.1.1_1,21.989,4,1.987,19083,5.35046,-4.07239,75766,1,8.0
626e9a9ada20b7814963716d97ce6cf23c12efbc59e4fcdeab2fc98da529c0ea,CIV.1.1_1,0.413,1,0.0,51870,5.36957,-3.98254,51870,1,8.0
635716473a21311b6295131820d8fb488591869763c93d935c53ceefc5a7a73c,CIV.1.1_1,1.869,1,0.0,100959,5.38605,-3.99353,101654,1,8.0
638c5092eafac3285fc75d7f8ea18100ba922112121201cfff0a545858ae295f,CIV.1.1_1,3.085,1,0.0,20307,5.38055,-3.97156,22124,1,8.0
63bc7ab85c918619638e064b79f54fa4d943178d86e7f23d85af7f59e29c29ad,CIV.1.1_1,0.153,1,0.0,51119,5.31296,-3.94313,51119,1,8.0
63da976354c564e8ee9db68d15b542f25cd9dfa5933a45b68a8d43bdf3aa9977,,0.0,1,-1.0,65581,5.22158,-4.03641,65581,-1,
6441e19704c4f59f89f69f43d525ec784edb09dd51b7099d4899f3f9a28e3a7b,CIV.1.1_1,8.064,1,0.0,84122,5.33661,-3.97156,85445,1,8.0
64660bb677aac6e5688d531cb02365fe54b065aaacb8908cd40cbe6e02b97031,CIV.11.1_1,4.966,1,0.0,22170,7.68071,-5.03083,42961,1,8.0
64d1b5b0cedc30a18d681cd3743817259f19521404d121c3873808c56146ecba,-1,0.597,0,-1.0,-1,,,2008,-1,-1.0
65b23fc812e91454b8d35be97dccbfff99e8e63fec153b9f05f18e4882e63547,CIV.1.1_1,0.045,1,-1.0,84640,5.3619,-3.87416,84640,0,8.0
65f4c7f87b9976797b12bc7282dadb3a2882b12b7d0472472da346a05eeb5ae2,CIV.2.2_1,4.232,2,0.624,21115,5.39521,-6.54831,25007,1,7.0
6614a5a16ed39ec2c805a598dbea7ce420c75d0ff1665a77175609ae648bf538,CIV.1.1_1,0.0,1,-1.0,87778,5.30365,-3.99353,87778,1,8.0
6631a4562d0df3da544bb726c9579b8a78aa97e88eac892c620e23812b77c68c,CIV.1.1_1,9.588,2,0.04,8405,5.25152,-3.95879,60369,1,8.0
675695120ffd6f19faf9523fce0a1149dd4cc61489a69c3eaa4b9915d5a3a456,CIV.5.2_1,1.1,1,0.0,3028,5.20009,-5.32693,24598,0,6.0
675909ee190f8f78f12004a5008ddb5fe0bdf2ef4417592cc4bc3e1f491cef3d,-1,2.366,0,-1.0,-1,,,1752,-1,-1.0
678ca3bfe079b8992a4a6c836a532896c28f99a9915ab49498e52742aaba620b,CIV.1.1_1,3.147,1,0.0,18173,5.33065,-4.09363,20059,1,8.0
68238500094230f886b9f5896523e203df6decc54605377724d12c823c95b02e,CIV.1.1_1,0.0,1,-1.0,54661,5.28745,-3.97451,54661,1,8.0
68cd4b89170aeddaa35bf9b511161d492e2b988d279636cc59c15a62f1772c57,CIV.1.1_1,4.308,1,0.0,602,5.35239,-4.02855,1203,1,8.0
6947d38b48c95a7f2616ba1f499a7572f90c8881ae69f2f1521af272675b03df,CIV.1.1_1,0.602,1,0.0,27732,5.3993,-4.00828,27732,1,8.0
69be15321dbbd8374006ebb5e051feb0db81e68db11b0dbb98b3bab24e41040e,CIV.1.1_1,0.0,1,-1.0,91587,5.5014,-4.04846,91587,1,8.0
69eb76ab21cfb83b81fc7ca59c1130e398d00b449cd6d77873ba774ba3bd2fca,CIV.1.1_1,0.0,1,0.0,5188,5.40802,-3.99353,5188,1,8.0
69f824be59e0a638c4150b8ee70c91d7e0b25fb9c34dfb00fcad50d78e3f0f57,CIV.1.1_1,36.135,3,2.848,25386,5.32945,-4.05441,57290,1,8.0
6a7b66b0a3fc19bda163bb41e6a08bbf862f3455b71e2bd74ee058dde4a22992,-1,0.593,0,-1.0,-1,,,1092,-1,-1.0
6b13070bb208330e8afe7ed2b5533b43cc56cd82c9d9148bb4c5713b53f646b7,CIV.1.1_1,39.514,1,0.0,1615,5.30596,-4.0158,89941,1,8.0
6bb1d636ff47c7625df6131ac275154e8780f3382890fafe91fa893c20d84f92,CIV.1.1_1,1.431,2,0.124,17312,5.35117,-3.95882,19010,1,8.0
6bca4fac60487d252420b73fa36defddc03a4644e5b1e6eb11a73a41e3cb9615,CIV.1.1_1,4.827,1,0.0,27117,5.30025,-3.98513,44909,1,8.0
6c10443338d69a0f15c1f402ae05e9488d16876116b95652dfccc2f5c9e7b0d0,-1,5.081,0,-1.0,-1,,,43663,-1,-1.0
6c41d65f879d2640f5392cffef4fe74ec7b9c5ed7578ced61a2a23ebb2525f8c,CIV.1.1_1,16.169,2,6.036,45951,5.32562,-3.9386,73900,1,8.0
6c8b832f20f3c36bf629b1ee54391a0428bf253474cd2ecbdf03beac28b4ee08,CIV.1.1_1,27.661,1,0.0,22732,5.41038,-3.9856,41514,1,8.0
6d33f75a619e223f9d656f8882eac930c0a3bb3861f47df0d6614b5695647655,CIV.1.1_1,0.137,2,0.135,30843,5.35379,-4.02884,34965,1,8.0
6d623dd4d50fa328376fd227404e3c457e78a3b080687a50a10ac3f41a8b425a,CIV.1.1_1,0.58,1,0.0,35422,5.36957,-3.9386,35422,1,8.0
6d82735bce955fdc89d9ec54c56e342ea4a1b8579758b34e50eb321153c2ea6e,CIV.13.1_1,9.562,3,0.137,25934,6.80994,-5.27383,38903,1,8.0
6d90e00432f94f4af75515ae14405442c4d38daab85e720192a75558c68f4b79,CIV.1.1_1,20.8,1,0.0,7877,5.35309,-3.98254,78261,1,8.0
6ea0c9cb026abdbbc14a7599aa959bd847f1e3d8a2f44d6871295a1f726aa998,CIV.1.1_1,1.7,1,0.0,1208,5.35016,-3.97326,58884,1,8.0
706685f61225e16ff425247bcff91c9114d0ce3a65c85629d1df70b09a3281a9,CIV.1.1_1,0.0,1,-1.0,70702,5.40253,-3.99353,70702,1,8.0
7120838905936f550b7766839d7acd80f86b65c9e0dfa3dc76e70ee0bdf53f0f,-1,0.167,0,-1.0,-1,,,9037,-1,-1.0
71380262c2d2771cb44f59980a37d9cb1bb2d5a13aa3505b4e6ed532ab7793b0,CIV.3.2_1,86.883,2,21.01,1822,5.21283,-3.74931,31948,1,8.0
719cc78ac27d06e3595c6a92ce5b45e4e9124c3dfe22a95f0b2176a8a1efe542,CIV.1.1_1,41.637,2,2.267,2344,5.29591,-4.01144,69538,1,8.0
71a7508b9bbaca28d0819e419b46b30a4857c63c429d42c32b5104f00ac75eb8,CIV.1.1_1,25.203,2,1.156,10912,5.41351,-4.00452,55918,1,8.0
72363193d42c88ae214f428a4a4a3df45e363bbdae53e60047bbee512e448df4,CIV.1.1_1,0.0,1,-1.0,16198,5.30914,-4.00452,16198,1,8.0
726187e39f564ac95196d9896e7f1d9de6ef4e733f9d842aaed17c5f24ce651c,CIV.8.3_1,13.852,3,0.408,19585,7.41302,-7.56409,40661,1,8.0
72c4d7ee2d248b50c0b52beff2403691f2b108080f4aad299c7158691fd29729,CIV.1.1_1,30.102,1,0.0,901,5.30954,-4.01724,22779,1,8.0
72de4edf5417f9e7a9e0daad7f9a8e12c070e39b659e9e1a9ada5397c494aeb5,CIV.1.1_1,3.897,2,0.212,6478,5.34124,-4.1007,27282,1,8.0
7303f5c7ff4469e5de2b267e8fd3c1e426dd9cd99992f07e1aec5de8954c04f4,CIV.13.1_1,0.0,1,-1.0,36570,6.86371,-5.27893,36570,0,7.0
732739ccbfa7626e92d1b2b84ae84cbc5961bde6489c8fb2a9319acdff86a1e4,CIV.1.1_1,1.1,1,0.0,136642,5.34633,-3.99686,141797,1,8.0
734b36911d2cb73c48827667c3830056dbe572ca6ab5794b6832455c01f7cee6,CIV.9.2_1,0.353,1,0.0,3820,6.61314,-5.91228,3820,1,7.0
736cfa11afc92c9ae7621535613e215fff8117d63f67ec0ffcf192cecb3c8c35,CIV.8.3_1,5.061,3,0.177,41997,7.40637,-7.55245,81600,1,8.0
74cfc4d370c71cd962e660087516b712d179eb2b50cad5fddc998750167e14ef,CIV.1.1_1,0.0,1,-1.0,100607,5.30914,-3.99353,100607,1,8.0
7540ddaf1ce8dc8a9bdee875fa37f746b5cff0d4d0d327293366865ac8b8131e,-1,5.904,0,-1.0,-1,,,34335,-1,-1.0
7557517b6c011c8b6fef9505699a8da201dc295f0023256562383d977f6703cb,CIV.1.1_1,27.917,1,0.0,5684,5.3346,-4.09983,61116,1,8.0
756907455e3177c469b1d360564dbc3a885b44efbebaeeb73ea42681aa700eec,CIV.1.1_1,16.677,1,0.0,830,5.32718,-4.09663,12574,1,8.0
75865676ef690413af800e5168603df5cfb787eab346a2e48c05890fccccc99b,CIV.1.1_1,214.21,3,4.931,12261,5.36957,-3.97156,56660,1,8.0
76056648402354150073f7d69cb84ad62f270e76f62a6927b429d78abe82588e,CIV.1.1_1,5.291,2,2.442,4961,5.36957,-3.98254,14555,1,8.0
761fdb6856776a1f1300bcb18c1f81e75edec441dde2e92a2a303e7953b7dd80,-1,96.779,0,-1.0,-1,,,9604,-1,-1.0
765e5fe082dced5f2716992a07066aed87c5792f69dcfc586bf470c1c76b3591,CIV.1.1_1,27.29,1,0.0,1347,5.43827,-4.00245,16372,1,8.0
767d36692f789ff557902ba7f0f926fd5186e763eff02e4dd71a22fef54353bb,CIV.1.1_1,0.0,1,-1.0,3530,5.25226,-3.89624,3530,1,8.0
76a9923fd5def8e1f7a00ccbb45eee6c5d147e35d8e83af564ffda11c1654b00,-1,2.064,0,-1.0,-1,,,7128,-1,-1.0
776b30f9c6fe7a2b73236b002159a4824b1976ff74374139260c4e8ad66c2cfe,CIV.1.1_1,32.442,1,0.0,57881,5.30365,-3.98254,72228,1,8.0
777d87e314847fb30838062b682bbe8bb62e7815d4cfa6942e2002a41d2c0304,CIV.8.3_1,0.0,1,0.0,4291,7.41032,-7.55536,4291,1,8.0
7793ac237417c33b0481bc2373a80e0876407112a63dd58cbde50f9da7b34025,CIV.1.1_1,27.356,1,0.0,31373,5.29765,-4.00854,35246,1,8.0
77cdbb0720505bf933a1a0db8b516e280f41653b35d6446d584165ef99362797,CIV.2.3_1,0.039,1,-1.0,92012,4.74434,-6.6332,92012,1,7.0
77ef37609ae9522221e6ee6d5b5fd6c5a3a401d1f6bdc296bdead7bdc170b6da,CIV.1.1_1,0.0,1,-1.0,76098,5.36407,-3.90564,76098,1,8.0
78464ed1da649f5dbdba91b820b8cb454a4a0b1a190edab390fe0fac2767f939,CIV.1.1_1,35.821,6,4.438,2845,5.31175,-4.01077,71870,1,8.0
789f6321b8c735ce2b88f04587e38c1d2e380a8ff6ab87a75a9c9af49c05f224,CIV.1.1_1,0.046,1,-1.0,812,5.49488,-4.05287,812,1,8.0
78e36c244fe02cc1943b4865d0515c5a64719c3c535cab7320c5a268801244da,-1,0.0,0,-1.0,-1,,,0,-1,-1.0
790247d8d68b63b069023bc0367d753eb02941474ba5a20cfabb1113a4b03b9e,CIV.1.1_1,0.0,1,-1.0,9492,5.32459,-4.05345,9492,1,8.0
79d07081d7c74126d30189e11eae3f4459c109905eed4954c7656e71bb8d1924,CIV.1.1_1,36.364,2,7.35,1853,5.31464,-4.0155,64482,1,8.0
7a1123b4ef148320af2f3b5b51e047050634e9b34df76fb127fb9c9ea5a920ff,CIV.1.1_1,0.262,1,0.0,89925,5.41351,-3.98254,89925,1,8.0
7a17b05cf94046d87b097a3bc2b2e4876f82912c79f19a805f2c67eec74837b1,CIV.1.1_1,6.428,1,0.0,602,5.31724,-4.05366,1323,1,8.0
7a3136a7b7b13ac85a81ea9e290c963e293bc0117c6a2bde997e66c761b9a09b,CIV.1.1_1,1.814,1,0.0,3368,5.32327,-4.05533,5156,1,8.0
7a839dbffe21fa562990332b04adbd5fe307df664af2e9a7f2960ef3b8ce2f06,CIV.1.1_1,47.076,2,4.947,4481,5.3421,-3.94958,63310,1,8.0
7a942683c2f8831326f30274108eea4a529e9ffc598aa4739e5f60609f6c2840,CIV.1.1_1,31.307,2,7.47,24716,5.38605,-3.94958,38137,1,8.0
7a997caf7ed6e8e508737454b9162c9b7236fc746b86a12a987b0fc5c29ffd72,CIV.2.3_1,7.877,2,1.002,63798,4.64445,-6.91798,95061,1,6.0
7aa9ede777468578ecc7994c0eee43566e417b24d5bc6e1cf1b05dfb9d5855e2,CIV.1.1_1,1.182,1,0.0,47908,5.36811,-3.93476,47908,1,8.0
7ad103732f77c34915a6eab85a6965edf5b9bceb4f464e62da2e393f885c7531,CIV.1.1_1,21.091,1,0.0,86389,5.37506,-3.94958,115560,1,8.0
7ae4b7727088edc052cdb40d7bc2698672f10fb9a1732be768b2b849774c9852,CIV.1.1_1,0.872,1,0.0,77377,5.28415,-3.96184,79845,1,8.0
7aeaa096df6b2926a29eb5f880ff92531299f4d8bb602924ea73a8ab1296b1d9,-1,0.0,0,-1.0,-1,,,0,-1,-1.0
7b3708018ae38d7e6d0e7899f05db3e63095142b300266dab724d98a4005cc93,CIV.1.1_1,6.533,1,0.0,28940,5.34679,-4.06083,32864,1,8.0
7bac163cf53e71f856e20bd2929b23687b977a06587df9191e3cc0412d7c8e88,CIV.1.1_1,13.019,2,3.11,43032,5.37506,-3.97156,54681,1,8.0
7bbadba94761bdba853392b10af587bb7c32ef6658d5f48103718073096467ac,CIV.1.1_1,90.601,3,4.649,93788,5.39703,-3.97156,174913,1,8.0
7c2925c804d680c8653868a87e1e6cd178f702d02db8726e8b10d20a536fc925,-1,0.0,0,-1.0,-1,,,0,-1,-1.0
7daedf2b3cd4c0e64ad0df12a20a21a307fdf6f59815e90a2ea162aa1b698c23,CIV.1.1_1,2.765,2,1.361,41082,5.29816,-3.94958,53457,1,8.0
7e26a778729523f12b81d0a1c13e735c9372755bf1e061147a585e0434d2c889,CIV.1.1_1,0.303,1,-1.0,24244,5.28034,-3.97713,24244,1,8.0
7f0b948558a23afa58e8bb7741d35ed30b6882558544e38ae58ba64f3e85c7d2,CIV.1.1_1,11.533,2,0.831,45556,5.34498,-3.9421,73233,1,8.0
7f6964e9073f64141e260ffe326a6061586c1740826759d19b95efda6196ca4b,CIV.1.1_1,0.086,1,-1.0,81165,5.39293,-3.97361,81165,1,8.0
7fbec9cbc7f5371d316ca6713c6b7c673140444c2f030dc316e7e141f586d134,CIV.1.1_1,0.0,1,-1.0,71789,5.38055,-3.98254,71789,1,8.0
80134c81554bcbe8be1880dc8fc9e18096faa43201a0877d07ea5d9b0ba55b98,CIV.1.1_1,8.562,2,0.851,1321,5.30228,-4.00269,40466,1,8.0
802820913df977c8325fa84fc588e92abf3d51ec2d16942b9e2f1df7967e934b,CIV.1.1_1,0.129,1,-1.0,41219,5.28899,-3.97262,41219,1,8.0
80b1a5b05b69b5020a2fed5de492189923764695c29990e4f07b379ac7ec01db,CIV.1.1_1,22.701,1,0.0,8711,5.37616,-4.08957,75373,1,8.0
80d1989f14dc2de6118a38faf6cfe264f4eb92597522f18d5340bff0a4e7d761,CIV.1.1_1,23.305,1,0.0,10937,5.33112,-4.02649,78463,1,8.0
815fff21bfd807ab9b64396ff1cb7ab55e0a78d40f1865d0e9b407b002782577,CIV.11.1_1,17.053,1,0.0,82339,7.72064,-4.99329,89780,1,7.0
8190ed66bf2c3e4006c77876e6af008a65619733d61a736e68c799d7f8f87468,-1,0.0,0,-1.0,-1,,,0,-1,-1.0
81b968725c418c40f2a21dbf3927f22c96cf524bf17b2e4ced4a3471d1776fa7,CIV.1.1_1,12.911,1,0.0,4885,5.41901,-4.15833,9412,0,7.0
826c0c019df5174c9b341bcc95a0a3f2df94afaf00d9ce4eada99ee2490c14a1,-1,0.704,0,-1.0,-1,,,5012,-1,-1.0
83119992c2645728f398bfa78087fd334bc2bd9cad1a4e2b6b0b2e581de004ef,CIV.6.2_1,1.517,1,0.0,1469,7.04589,-3.96864,1469,0,7.0
8323d8c38f624014126ce3e277dbd824d46debed4cdada2ba1b2e8a1f17bb3a2,CIV.1.1_1,163.496,2,3.668,31549,5.40253,-3.97156,151107,1,8.0
836eb1db93ae4d7f1427ad30f2ece2fa3d8b8b13c2bbd3c5e64bf920c94241e4,CIV.13.1_1,141.938,2,0.265,7947,6.78879,-5.27069,69623,1,8.0
83a227326ba42bde7425218fc28e05bca22e5b7c006f42560e82be63bb2fac4f,CIV.1.1_1,12.626,2,0.217,10333,5.44647,-4.0155,73331,1,8.0
842a377b444413535e664167f2de7cf48515e8b9cc8ce20849f00d31ae3a264a,-1,6.555,0,-1.0,-1,,,61437,-1,-1.0
8468cc4da0b033858b11c89f938242e63a43d30156287b3554e1b723b0511305,CIV.1.1_1,30.634,1,0.0,7137,5.35309,-3.96057,26200,1,8.0
84860a76012e124fc03b49fe24f4124cc6679a33f43ba44fcb8169d48cfcea81,-1,0.0,0,-1.0,-1,,,0,-1,-1.0
84867f6dd357c65854bbb240de22a91d45fb3377a1cc188ae5a2f1a4d242ab14,CIV.1.1_1,1361.941,4,8.837,36703,5.40341,-3.98875,74087,1,8.0
84d746379f9b2f4b78cefd13c7ba19430a3d8d8d3ff52ae697dbab2f8a81510b,CIV.1.1_1,4.133,1,0.0,1414,5.33759,-4.0564,119563,1,8.0
84ee27c7c13390fc20855e84846df43f6fa63c59169dd98ee6c50f5c49254f8c,-1,1.154,0,-1.0,-1,,,70890,-1,-1.0
85321348ac47036e28838a70dd0b555a9653f9886d32d9f56393ff0b5565a826,CIV.1.1_1,7.02,1,0.0,75715,5.35858,-3.92761,76806,1,8.0
85704797c94d5edf0a31ceae1122accf8c540508e1adb48afc90e246f1bb11b6,CIV.1.1_1,0.784,1,0.0,9221,5.37444,-3.95223,9461,1,8.0
857c02c21b0b23a10e2b3af897ce9c4d48fb17a4e5010e565d08691d89a808ca,-1,6.57,0,-1.0,-1,,,7809,-1,-1.0
85818e38424aef16962caeecf9059bed23408a19a5e8fe8e01644383734fdd99,-1,0.49,0,-1.0,-1,,,86341,-1,-1.0
85a603b5ae0c7887ff04a46490d9d8849c1ef7a72b7395e3917fc2d6a76f1190,CIV.1.1_1,0.0,1,-1.0,1874,5.33311,-4.04735,1874,1,8.0
861a7051f369687ae91b37bc1d5b1c70acb9d68f15148e87a00e38db73c6ef87,CIV.1.1_1,94.413,4,7.314,9940,5.36407,-3.9386,127433,1,8.0
86340f9b2f4c3798a39fe844b5c9ae5f243b13fbe1260e131d20a84f937c3789,CIV.1.1_1,18.947,2,13.148,44331,5.45197,-4.04846,56024,1,8.0
868ac060897bcd7c7592b8eac07901b0cc9b440682e421269c39e5f3542ce224,CIV.1.1_1,1.173,1,0.0,4118,5.49671,-4.05118,30493,1,8.0
8781f572ae1d6dc4173743c537ba70ccd0010c7770e092cbec6fe491ea301b82,CIV.1.1_1,9.777,2,2.266,42736,5.28124,-3.97608,64477,1,8.0
8798fdebe6cff6835f97be732b20c372022ea02d2007187c38a0231a797b5cc1,-1,0.0,0,-1.0,-1,,,0,-1,-1.0
87eadab6bf9237e1e525127925682fd6f4aee7d844fdcaaa08fc386f17903373,-1,0.09,0,-1.0,-1,,,6455,-1,-1.0
88051dfa88fb2cd5b28cd0f8459e96f4023aa177ee12c5ef46e2528da85d0106,CIV.1.1_1,50.911,1,0.0,2254,5.51788,-4.31213,63896,0,6.0
8821975732c2078238deefbe3a2f599a4ec26f8ce8db99c87ac36d66c3fe5263,CIV.9.1_1,24.895,2,1.344,37932,6.88568,-6.4325,81691,1,7.0
882c078ccb64bc2d1dd756794f768923405a7021148c457e32cef8d73e0f1a4b,CIV.1.1_1,0.0,1,-1.0,75480,5.3476,-4.05945,75480,1,8.0
89122a3723ae48fe35ef1098650e1fcd87c595ba3707292c0aa12dccd463f47a,CIV.3.1_1,11.192,1,0.0,17758,6.36219,-3.41221,71715,0,6.0
8996d83be01c2c8529d3bf2de1894706d17bbcd1f44575cf1a3b8e13a54bb840,-1,16.133,0,-1.0,-1,,,47623,-1,-1.0
89ba969243241591c9f93ca4fd34a6089d61c7fec9f7751ab9b5e3c4a53fabad,CIV.1.1_1,0.784,1,0.0,6366,5.45494,-4.04738,6366,1,8.0
8a12ee08a9b7c1a3f9f6fa4dea60f8b7940ad4628273c0c0982fd4f86942a41a,CIV.7.2_1,2.16,2,0.287,69527,5.20477,-4.40002,74518,0,6.0
8a67f849038e5670de1bc6a69ceb9596c7638069102079b8cf81948e8f03d779,CIV.1.1_1,40.298,1,0.0,52051,5.37506,-3.96057,59568,1,8.0
8a88a618933e7aa54388c2adf37042236a51d8495bb412f0f5229eb62999babe,-1,2.069,0,-1.0,-1,,,77163,-1,-1.0
8a9a28ae8dd3b79808749eba8092839aad06c98c35d56bf880a603e742dda604,CIV.13.1_1,13.534,1,0.0,14712,6.81976,-5.24597,22481,1,7.0
8b1c1a2e50f6e620f15ce6e5d2e9ac85cd772ba58c009228dcc6b181505cf009,-1,0.0,0,-1.0,-1,,,0,-1,-1.0
8bba35fc6c7712d861aabb8f3f6a7cb71531f67ff2b1657dba7e305c4bb176e4,CIV.11.1_1,2.908,1,0.0,4990,7.6878,-5.06056,5062,1,7.0
8be1cc693b0256ba9b6131944c3d07c5d452184159a7554211c1768caf900713,CIV.1.1_1,0.044,1,0.0,7388,5.40644,-3.98919,7388,1,8.0
8be1e3ec7fcd4fc53b364b03e7bedb66822b3ce0ecabde7677213460a25055a7,CIV.7.1_1,0.014,1,-1.0,2180,5.64325,-4.05776,2180,1,6.0
8bf573a6db1e7b72fa0dbcb77834a87b970050e2bf914fc38c47cff3fc1568b7,CIV.4.2_1,7.693,2,1.171,14178,9.4973,-7.56172,21991,1,7.0
8c26d5cab3e27b77ba2590d3d2c4a8a4554e7c66ed5dfff7864e5bd7a588c7b0,CIV.1.1_1,24.989,2,1.555,66683,5.3421,-4.0155,87323,1,8.0
8c96df4dd2734a65d998533a79a837ebbdbfe4b6a02afa3e4fabbc9877f90366,CIV.7.2_1,0.011,1,-1.0,35575,5.31996,-4.39072,35575,1,7.0
8cc182c8706a4185d16afe0a3bc2526065a17e0ea1e986925c39e98a5f8e6537,CIV.1.1_1,1.027,1,0.0,17929,5.44117,-4.04576,18361,1,8.0
8d1fe71112fb4586a4773c7b5d6a6df16895283a6baa4e20b63c5a6a6df251fb,CIV.3.1_1,2.55,1,0.0,24326,6.74286,-3.49915,27313,1,7.0
8d3cc61ee82f1094bba692066e839c62f2591f61d1539e9cd22c628ba8b2e9f0,-1,4.953,0,-1.0,-1,,,56600,-1,-1.0
8d5b060366e0695bb1c1ccf4874b4b5416efd24ec88d8e033c6f176da27de8ee,-1,0.0,0,-1.0,-1,,,0,-1,-1.0
8e2612facd3030d048f4982b2a8f141db1effc77355505cb0508258988e14184,-1,9.431,0,-1.0,-1,,,7702,-1,-1.0
8ee30e49dde2d42bb5876fba5a7bd6fda93102ae1bc149ae7a5945d6081fce92,CIV.9.1_1,0.172,1,-1.0,72274,6.87438,-6.43589,72274,1,7.0
8ef2797b016e527008cbd8303925c1bf7b9001f1a600406d2f1c837002bc5a9b,-1,38.193,0,-1.0,-1,,,14437,-1,-1.0
8f58084db1b8c5771437e5fce1f0bfc75b696dee7c861a045cd4300fad429197,-1,0.0,0,-1.0,-1,,,0,-1,-1.0
8fd0ef7e30d626a758b7051bc446ca1230ee9fdafe44b7349b5152dc2f761bc1,-1,0.402,0,-1.0,-1,,,7282,-1,-1.0
900d61fe3353165eff04c96e41733d7fc0c34b791ea53e2336def52edd52c701,CIV.1.1_1,3.776,1,0.0,658,5.2659,-3.96633,61520,1,8.0
9026b5f9abd7b0205a1eb7bca529041e57614710012966548e2860afe934305e,CIV.1.1_1,2.248,1,0.0,7482,5.35858,-3.99353,8483,1,8.0
906f831657f87196448cdb601dd9270095fa1126ef7fd0f4f7ecb5cef87c7b55,-1,26.453,0,-1.0,-1,,,10732,-1,-1.0
90917fc88495fa40cb083f01eedbff5817c864f6f007cdb425d63ea020e17e7d,CIV.1.1_1,19.793,4,3.383,10465,5.41459,-4.0148,51292,1,8.0
90cec26055f525aaecebce41f3d56a61826ac05ea9f5c32956d99c54c5f8905e,CIV.1.1_1,7.08,2,2.344,5108,5.40253,-4.00452,5774,1,8.0
9174c533b4d8580c7f2cba81ea0363ccf6eb8bcd05eb99e1b0d3768976a00f79,CIV.1.1_1,11.746,1,0.0,56791,5.29266,-3.97156,60356,1,8.0
91ff27c313d86c17c9e3631a788d9a45f1dcd823fe11a5a4d8dc2ee82bf94d00,-1,0.994,0,-1.0,-1,,,11537,-1,-1.0
923768735f971afa3ee47f9a5a0f555692247ce3e53059a9ba74f3698476f1aa,-1,30.546,0,-1.0,-1,,,71075,-1,-1.0
92485c47226884686d283e0873c7ffa27109eb6409d46ae191f9a30079562882,CIV.1.1_1,132.845,5,19.019,6984,5.30484,-4.00945,72943,1,8.0
92f01bccd6b8ef09f3b0832d3bfafbc017c68da0ad90be16161166aa6ba54e96,CIV.1.1_1,174.14,2,4.319,55864,5.42999,-4.00452,104660,1,8.0
9341e1ef816baff3b2f12691b1f6d54b69d7e7e2003143aa97b39d8a2a29a437,CIV.1.1_1,194.478,2,0.075,42904,5.33392,-4.05717,245275,1,8.0
93d6cd58d293bd1b4e5fbc6bd51da68c37e1b0fdafbbbf80cb73ccd6564ce9d1,CIV.1.1_1,106.642,3,3.97,11386,5.36407,-3.98254,65993,1,8.0
943a40878256f91291eca4ee73f2687db021e099f409181f7f5b7ddf7fd4af0e,CIV.1.1_1,1.005,1,0.0,2217,5.29851,-3.96498,2217,1,8.0
9464f367e9a5a726ce6334b5f116c9a897110527febfa64fadac6534fa100eb3,CIV.1.1_1,6.938,1,0.0,16148,5.39975,-3.98187,72163,1,8.0
9484ff26ed8e4a4d1e129da1b12405da8d1bb1480376153d2784862e355cfb81,CIV.1.1_1,6.813,1,0.0,8191,5.30598,-3.94961,104529,1,8.0
949938c3aab0520f2b2d7fc3cea1c983a6a11f05e1fa473c4e8477d77fb469b6,CIV.9.2_1,60.061,1,0.0,24198,6.98063,-5.73944,32763,1,8.0
94df23c2578330ac0a18a5fdee12df4763f3e2766af9b1afffc7a957f97f6290,CIV.1.1_1,44.603,1,0.0,28168,5.32873,-4.02941,42962,1,8.0
9525b2f8f68eea6cefc47d4a2f0b324089235acbd9398cd167292351b2a59179,CIV.10.2_1,13.85,1,0.0,601,9.4718,-5.61412,76691,1,8.0
958333615ebc5e2d25949ad966641259d8161a41912273d5181659f0a96e49be,CIV.2.3_1,1.508,1,0.0,10248,4.77444,-6.65001,11074,1,8.0
959833f22c104bbd80c32cda6f8778f54ff0b844868a21f3ea513410f62305a2,CIV.1.1_1,16.124,1,0.0,42480,5.37633,-3.95318,85951,1,8.0
96810f53b3c50c83a685b82399bbb5d9d8615ed11810072359222d8ab83bfe4e,CIV.1.1_1,51.533,1,0.0,1997,5.25915,-4.00945,29067,1,8.0
970e566dcedc03d908e3956516038ebb8aa7a94a665a24acd96c0586cdf27ecc,CIV.1.1_1,0.0,1,-1.0,1734,5.33114,-4.10251,1734,1,8.0
97636b972bd79dafbd24744ae065ec4cb95a90f449831025e9d4ef1562cc65f9,CIV.1.1_1,0.199,1,0.0,64422,5.36532,-4.09879,64422,1,8.0
976a2a8b9bd8c1fd1efa2d7b18c0f36143163c74b5cb522b48d01b56bdb89cb1,CIV.1.1_1,35.493,1,0.0,1281,5.35858,-3.92761,68342,1,8.0
978f94f4f7f2ff6542f7b2ad8a4e5fcfe387856e8099f15aaf41686e08ea73b4,-1,0.05,0,-1.0,-1,,,4252,-1,-1.0
97984e21d1aa343ddcdf0daac17cce1eef642cdcd1a9ac7a8ebcfeb09a28a515,-1,0.0,0,-1.0,-1,,,0,-1,-1.0
98901b8f58dca94ba77f482909ed7f87bdb754840d71bd84214e84193e5b1746,CIV.1.1_1,23.545,2,5.757,58601,5.36957,-3.98254,61952,1,8.0
98d90bc9fb8882c15c78861bd4c040664c0589045123261d779edecd474c829a,-1,0.0,0,-1.0,-1,,,0,-1,-1.0
98da15d12bfd40c62dcd0ba25c69d4f4ecf773105bc8dbe5b6411a6fe66d3a0f,CIV.2.2_1,0.0,1,-1.0,12258,5.79254,-6.5863,12258,1,8.0
98e8f87943208b0066bc8a57de15b0520b88c56c5d09e8145983eb59ee67bf1e,-1,3.017,0,-1.0,-1,,,97594,-1,-1.0
99291521126c9c1319484d7e3632cb737e62ea46e9c56de15a2ee6d2030c8a02,-1,24.23,0,-1.0,-1,,,259020,-1,-1.0
996ec5873cdaccdaa94e4717ddf72b4b334a9b9dd0874fdab7988335067137b0,CIV.1.1_1,0.811,1,0.0,87219,5.30914,-3.99353,87519,1,8.0
9a051ddccbebeaebad084617bd4180aeb4e736127c5fc2869ed85c46877f1e68,CIV.1.1_1,1.348,1,0.0,18335,5.33869,-3.95345,26465,1,8.0
9a0f3e299cafca1eb87f5624c423a64ccd559512cb9e5c40e8b6e4091c0f404b,CIV.1.1_1,23.238,1,0.0,68348,5.32562,-4.00452,75604,1,8.0
9a70650118177f2f75e7d01897c8a0411b072f16b9294e41396fbb5704cdadcc,CIV.1.1_1,4.62,1,0.0,6709,5.37506,-3.96057,7440,1,8.0
9a84312ff4aa3a3f81a4582219197a59e1d108cb27c608d261be6f05135dde41,CIV.1.1_1,8.38,2,2.339,21276,5.33112,-4.07043,53842,1,8.0
9af0194d8edcfa095c2183181254ae5ceabf70b1ba98ea31880cf3279a8a677f,-1,0.0,0,-1.0,-1,,,0,-1,-1.0
9b3f9bb39c4dd1c182ad0ff2c62df3ff840160f6c559eaee47381e8b8f19319d,CIV.1.1_1,0.146,1,-1.0,98513,5.35264,-4.01627,98513,1,8.0
9b5825b38c1a49668d7438f72d00080c5f2802ef183312132ad97afc4f8c1695,CIV.2.3_1,6.554,2,3.977,41859,4.4632,-7.38831,69434,0,7.0
9b69b5fbae567905d0d9e49aa1d8f21730b10b5a2e2d4b457c5866ba9fbf7e25,CIV.1.1_1,9.408,2,1.93,17680,5.36957,-3.98254,30888,1,8.0
9b7d81aaf73b30b6f9d2213afb7c55fd61155d734d7eb328465aed8234c724d9,-1,10.486,0,-1.0,-1,,,75086,-1,-1.0
9c9e987feccad926ccd1a9867da751adc67376924f8a1fea9ac50c0e9c1412c2,CIV.13.1_1,0.001,1,-1.0,91770,6.80883,-5.25792,91770,1,8.0
9cadb52360517589113d3c6256c2d8c8f2262a9c60895c1568250b6d49a089a5,CIV.1.1_1,1.035,1,0.0,27753,5.37317,-3.92381,43399,1,8.0
9cb11ad112390c6b8d503ed10fa96dabfee2f6c9a446db21c622aec42d3fe2c3,CIV.1.1_1,13.261,2,2.438,29316,5.3476,-3.9386,47978,1,8.0
9ce1d791c551d70aadc255360bfad3f0a6414bb92e3f0d6f3dde28a50d2adcbf,CIV.1.1_1,29.885,2,5.882,13444,5.31686,-4.01719,33412,1,8.0
9d64ae4cecda44633bd2e7756a924ab9327b711fb412af688184da7d8f7e2028,-1,0.0,0,-1.0,-1,,,0,-1,-1.0
9dd695e4da94388bc85437bf4ca7e823765004fc7a5ebf87d0e54eeb9aa32615,-1,10.182,0,-1.0,-1,,,89519,-1,-1.0
9f292d2fafa0e3f56a34ff99f0d5c349720f07b325686c8b3b2216a9ab23b15a,-1,34.439,0,-1.0,-1,,,122703,-1,-1.0
9fed737a2fa8c236099f650f00ae987fb214d5a611826ee680b7a37947fc88d6,CIV.1.1_1,0.0,1,-1.0,104545,5.40253,-3.99353,104545,1,8.0
a013884a552d35168bd5ac0a2918a96df58538f7a26fd2dd4c9f264d1cd57bfe,CIV.1.1_1,14.828,3,2.265,2995,5.30513,-4.0218,42210,1,8.0
a05716f3614266d50ee8ad54aed54336f38fd2b95863d22efe090f872e6e777b,CIV.11.1_1,24.211,1,0.0,1897,7.68751,-5.0076,83624,1,8.0
a11cc5e4bb2d9b4a124929b8553026797521cd81a4264118728ad0f32abbe777,-1,7.713,0,-1.0,-1,,,10665,-1,-1.0
a15d772f2ac78345ad91755896002af9a381583aeb68c7c70a8d9147ae271ca5,CIV.1.1_1,2.131,1,0.0,1638,5.4085,-4.00367,2548,1,8.0
a191f3bd797bb90dff0c68813c78a24690934d90d229848326086372a3616a68,CIV.1.1_1,12.482,2,3.771,67914,5.39154,-3.98254,71519,1,8.0
a30c036381ae066b3a5491a5aa4340bbdd77e4ffebc53e8edc4c9f86526c72b6,CIV.1.1_1,0.0,1,-1.0,100382,5.5014,-4.04846,100382,1,8.0
a39cea87cac27946d82f41cdefa3b4f8d68ba3246a9c8856d93aa1bfd33c5f6e,CIV.1.1_1,3.612,3,0.191,8533,5.30914,-3.9386,32748,1,8.0
a445963d52efc16a72a1e8a715e9c25cc2e0817b7b511ed870c4c7e98b15d2ec,CIV.1.1_1,28.387,3,2.776,30514,5.35309,-4.0155,66943,1,8.0
a462fb169f109aa39873b88feb4097899a214400a8ce1b97048c8c6367ce5e09,CIV.1.1_1,0.011,1,-1.0,1435,5.24679,-3.90803,1435,1,8.0
a486aaa8604af691555d0f6f03a06962c166a99aef655825e00408191d863ebc,-1,37.301,0,-1.0,-1,,,65185,-1,-1.0
a48debd4c19dc7631ef3cdba477ae446c8513c339c8992f5d71a9f70a708b50c,CIV.1.1_1,34.467,3,0.546,42517,5.36736,-3.95673,77386,1,8.0
a4c4a1c5637bbf56a3a6e79781fce02209c676698efea09c4e467043a2dd45b3,-1,7.229,0,-1.0,-1,,,10755,-1,-1.0
a4ceba524eec6db86d57ff169f5c4ba8296ec978979f0ed8bea1d3ff3623355a,CIV.1.1_1,3.885,1,0.0,66428,5.39703,-4.00452,67397,1,8.0
a62723e5ef1e3bc5504e563a87a5009e1cbb622ef40c88d861dba44ff87f8cc1,-1,0.0,0,-1.0,-1,,,0,-1,-1.0
a63f24ca70497ad4d3d3837aa3ce663844546893e97dd2ee8140a94843ac4963,-1,4.542,0,-1.0,-1,,,163145,-1,-1.0
a6b4975c46d9725dd43d991ae91e1f2472f7196ceb02989ea75df13c50309a76,-1,35.351,0,-1.0,-1,,,34818,-1,-1.0
a6d74c27f4dd3abd884948bab303afe7df4eb4e293be91155ee139c333e90002,-1,0.0,0,-1.0,-1,,,0,-1,-1.0
a6e004e09625346908f5b049bd6e73a77a1c7f80c334f86eda17bce5b6c97b72,-1,15.96,0,-1.0,-1,,,35420,-1,-1.0
a7035aa6641086dea1bec53b2dd2aa4dbc2eb524e67e45848a15e401e1d7a3ce,CIV.1.1_1,13.756,1,0.0,19731,5.30914,-4.00452,82655,1,8.0
a758353ba9d6872dae0f3a41741a85add80151192db8221d4a8d1c142f5d9a4a,CIV.1.1_1,0.245,2,0.057,73087,5.33065,-4.09363,81142,1,8.0
a788398e0f0297a8c0d1e9ce5e3bcf75deea90342585d52fc20bf3b4b6f2c67b,CIV.1.1_1,5.712,2,0.194,33135,5.36957,-3.98254,94497,1,8.0
a8c3c0d22424373cd8b948bdea7eb1c73899077ec5af6b2850853f86998b955a,CIV.3.2_1,0.639,1,0.0,6846,5.20756,-3.73413,10921,1,8.0
a913f5549be33b773766d51538e04166f81a1d4410933baa11a3680e6976d02b,CIV.1.1_1,68.918,2,22.955,6297,5.32615,-4.07661,37695,1,8.0
a93e01ebe5807c52de1038274e3fb02d20aff9007615a310b604c9920c698a32,CIV.1.1_1,2.318,2,0.047,110717,5.41793,-4.00613,116978,1,8.0
a9fee888d5cff0e2b86afb0b8c3844560e43559a14fbf5ef11bffa749798d04a,CIV.9.2_1,3.631,2,0.657,12468,7.03477,-5.52545,19380,1,7.0
aa86ff457f8264d6f42a6456845cc031925131dbd5714164ee460f0914ef1457,CIV.1.1_1,1.465,1,0.0,22201,5.39703,-3.97156,23897,1,8.0
aa90e31aa4b3ef915b59b2094321bd70715fab86d0f6fa8b483f835ff6cfffba,-1,0.0,0,-1.0,-1,,,0,-1,-1.0
aaad389e2be5526005f6b8d28793b94b723cb45c561b30d4e790293c38a627bb,-1,0.533,0,-1.0,-1,,,50228,-1,-1.0
ab04892ab9981537e72d8fd1df19e775ce778538457f03b49e7ef680a25c076d,CIV.1.1_1,11.705,1,0.0,45777,5.40253,-3.98254,48939,1,8.0
ab48a0c579c0a57a55501531f14a248fcfbbdeb3704ec42a2aa9bd28c6a38ada,-1,28.041,0,-1.0,-1,,,8278,-1,-1.0
ab7240ce0c9ffc60108d4604b5509bf0a4b531bc3fcf460f70335e94c26690e5,CIV.10.2_1,5.83,1,0.0,1663,9.44635,-5.62834,63601,1,8.0
ac97175725a1375915dfc7520afadd2a764b08047f533379f485e00cfbcd029c,-1,0.0,0,-1.0,-1,,,0,-1,-1.0
acc2cab681214dc32747e75c2d31a248034b12c0817a9c0e4f078e8fe02c8365,CIV.1.1_1,16.055,1,0.0,35762,5.32013,-4.11438,54459,1,8.0
ad1208ef8bb3be9c1c33e4b38d324f3552a19305dbd9638f8e8f443b51c9bb55,-1,0.0,0,-1.0,-1,,,0,-1,-1.0
ad41e65e6f16b5d3976bdfb0fa0422cb764d1cdd7928fe8ec13112d1570a4615,CIV.1.1_1,10.323,3,1.001,20537,5.35016,-3.97326,35439,1,8.0
ad6caa95d8a339422562dca441540223b71a7dde044264b23a44c2e3db792bad,CIV.1.1_1,4.968,1,0.0,1600,5.40007,-4.00238,1714,1,8.0
adc58e0fd488d6bad6804d4ccd95c14b667af3f4131e7c3b39038d61a76518ab,-1,3.583,0,-1.0,-1,,,5474,-1,-1.0
ade1dd72f3d353fcaadb66a2ea76c041046181c0b5cdbd519f8d728e3703a614,CIV.1.1_1,50.935,2,0.349,10311,5.32269,-4.04512,40351,1,8.0
ae034223b6d01e63702fe646ef5913b90ab4ed723ae98e4c22655a33b73b7c30,-1,1.561,0,-1.0,-1,,,2125,-1,-1.0
ae20b7ae9ade09ce570194ab232470d84bf914991d58277022a22afadf1d173f,CIV.3.2_1,0.022,1,-1.0,63705,5.29416,-3.31875,63705,0,6.0
ae3f7ad55ed59929432cbbf7a5707d4b0fe3f9b88d392bdb13a4faffd3e27782,CIV.1.1_1,190.748,7,11.437,19513,5.43523,-4.01794,206203,1,8.0
ae53e550d9263d9760cbdbd5f34233b8c0d898c21cdfd5a7db58600bf073cc15,CIV.1.1_1,3.46,1,0.0,71905,5.3476,-3.98254,75751,1,8.0
ae642dab78ece3b2096a50907e538ed1dbb10b7ffb78e4dabb966df3c38ccf03,CIV.1.1_1,4.246,1,0.0,9830,5.38055,-3.94958,16563,1,8.0
ae9ee459d5d6a032340e587f9600dc40d261cb19d5aed770c61d94a4ae5874f9,CIV.11.1_1,98.042,2,66.965,21940,7.64747,-5.02787,66376,1,8.0
aea85e68b90fa308b1442caa1ecc5890648a634d7484823f58518403347b1848,CIV.1.1_1,18.082,1,0.0,44477,5.24872,-3.9386,56798,1,8.0
af05954bb4df4a93e916d974b7b3cbdc956906a9d9ee23bbe37efce4fc3b5108,CIV.1.1_1,3.442,3,0.06,6372,5.37586,-4.01309,19911,1,8.0
af7e04153ef9a2907dc9ad016b83caa17c0326b4f952d0b59cf588c0c8fcd720,CIV.1.1_1,85.394,5,5.457,11297,5.39826,-4.01274,73683,1,8.0
afa25382de713116303f20bf2a8e9cc1952b87e8b08ca8530ff715b2217d8202,CIV.8.3_1,3.526,2,0.525,26503,7.40582,-7.54512,60252,1,7.0
b06fb0c7ead59cb4ec8efb916a5d2fc2a9006a9df31929a4109fd7fffe0e4785,CIV.1.1_1,0.037,1,-1.0,86401,5.2809,-3.97518,86401,1,8.0
b0f6178eb8efe3d36df50d9904d551fc14812bb84b09ff3b7617581aec2c3b2d,CIV.1.1_1,49.336,2,7.173,25172,5.41901,-4.15833,31734,0,7.0
b22bb374ff1c4908f862cfef32bedf5cdc274cfba6bc81214ff3846c01bdafbc,CIV.1.1_1,5.99,1,0.0,66914,5.38055,-3.92761,75929,1,8.0
b24fa63d3b0d084c0b3d11dc9c9b8870eb24c4e8ceeefda6365d63fbba3c95d5,CIV.1.1_1,3.168,2,0.277,89369,5.39474,-3.98075,160070,1,8.0
b28ca09d88c54afd89644621aebb69f950b1067b92656a6e14c0cbc75c247b47,-1,44.87,0,-1.0,-1,,,109863,-1,-1.0
b2e3f8d654991fb81d7f8e4def81e652974617970d53ec0d8cb2430e0ae5cc8f,CIV.1.1_1,6.719,2,4.54,7992,5.32013,-4.0155,15246,1,8.0
b30c4326588bb32a8ab0b9d0857a96b9f340676a88cb694c2afb7fd10ccbc5c6,CIV.1.1_1,73.389,1,0.0,1227,5.40253,-4.00452,69132,1,8.0
b313a794218a39c378b9f6d82218eb1d175819638db990efeacef0a8c2d29c08,CIV.1.1_1,57.465,3,4.171,93560,5.2594,-3.8966,209513,1,8.0
b346a0f77d8df205e3d72bb29557434614d106a431f88453b281f01d9e9b9cae,CIV.1.1_1,16.924,2,4.216,12576,5.28947,-3.9818,35803,1,8.0
b440c339e1e894089d0cb69b4757d1672363ae8c5a6b9fff0dcfeb357bad1515,CIV.8.2_1,436.595,1,0.0,1604,6.74726,-7.35008,64713,1,7.0
b4d5d5bdd9cc4a8d753be6b8ba35cd347a608fc6161d9e77db8bedf99eeac1d6,CIV.1.1_1,58.96,3,7.488,20008,5.3421,-4.0155,33427,1,8.0
b515ffc442a83fcacd3ec1d03497bd43252e5aac2181068c6f61c0715b10e03f,CIV.8.1_1,3.44,1,0.0,2309,6.54371,-7.50942,7142,1,7.0
b56d56af2f96e45afcfbc8397d8ecb84bc8feab7815b3370981bbeb9ae337739,CIV.1.1_1,34.368,1,0.0,11520,5.26729,-4.00861,89106,1,8.0
b5c1e95f1ed017cdd50b0abcd0df11cb2550cfb1dde72ed34adfa6da5688d453,CIV.3.2_1,18.085,2,0.275,12241,5.26847,-3.6007,32241,1,7.0
b5ce308b99db4f9e2724e8460909a9baf635461d7fb2a02793346b3c5a0333bf,CIV.1.1_1,23.065,2,6.944,30075,5.32116,-4.01696,38746,1,8.0
b6031b6056db25217c9dc51901f596e2f52149c2214c23ee94fafc686a2a68b3,CIV.1.1_1,9.6,1,0.0,39459,5.35332,-3.92528,106476,1,8.0
b6308a09e92a184826bfc8aab7ef740fb1a95787099507f77c62125d5c4ec2b5,CIV.1.1_1,13.717,2,0.962,51542,5.33661,-3.97156,66278,1,8.0
b6b6101c417bf848dface8864bc4f95d8da1c0feee895efb99b5b6fbf45b7426,CIV.1.1_1,6.491,1,0.0,40623,5.33112,-4.05945,41513,1,8.0
b6c565ec20b59e740519bce0d24012703fe174f3400ed5888725aafa2017bcca,CIV.13.1_1,23.74,5,0.296,120908,6.76453,-5.22395,404407,0,7.0
b6f91f848468fbb8dfda6443012c38b247fd90d240fb8361a9b0a2fa9a610ae0,CIV.1.1_1,53.65,2,0.344,4896,5.39703,-4.00452,78206,1,8.0
b7411d2a3f390f1ef0b8c5083346ae0bfe118b763738b76cc1a0f32d430a4f0f,CIV.1.1_1,6.957,1,0.0,6529,5.27787,-3.96823,6529,1,8.0
b7550083e9ec3425577b31b2f7541c5b6c4e227e9448fa0ac68a7c64aef826a3,-1,17.154,0,-1.0,-1,,,73108,-1,-1.0
b7c53b2b3effd404b1c967b1b332b8d0eb51bab63ae4f1c380c9f3ce693a670c,CIV.3.2_1,0.185,2,0.044,2508,5.24331,-3.62934,5448,1,7.0
b7cb2b3e5ed65c859e953c530a107ae10b6274d5078b88c753b3362df1fa6d0d,CIV.1.1_1,1.285,1,0.0,9921,5.40192,-3.99004,16210,1,8.0
b82eefa1c484a8fc035ec145d1fe1b91876798e2afcc6e1b8d0e92449de17fea,CIV.1.1_1,7.946,2,0.587,5859,5.49985,-4.04639,41708,1,8.0
b86e5a0765c03a9bef8535e3be1c76428a8b925cc5402eeeb5daffbec7907a5e,CIV.1.1_1,26.988,3,9.695,5550,5.29536,-4.01103,103315,1,8.0
ba025123bbe88cd015c1b82b41471371ade85f134c268c4d5537a778e126b0d8,CIV.3.2_1,0.0,1,-1.0,62273,5.21032,-3.73419,62273,1,8.0
ba4d07cbd5d04af5bda2c5a9e010c0c1d2334e144822cf382a37cc08c92dfd38,CIV.10.2_1,1.316,1,0.0,5584,9.44958,-5.62532,36190,1,8.0
ba7542e197d22c02996b6018b8d85161107371ac6722a3299823e61b6c21c3bb,-1,0.808,0,-1.0,-1,,,348,-1,-1.0
bad014357cf239480008323d9d7e8c08f5aa77c99ddd9808f4cd989eeec7b1a9,-1,0.0,0,-1.0,-1,,,0,-1,-1.0
bb162d6235bea23732d1f04c07276ead2db0308c40177792a3cb87eed7154750,CIV.1.1_1,0.0,1,-1.0,88799,5.38605,-3.92761,88799,1,8.0
bb5becf92b14e55dbd98dcfbfb4dddf3722fe8fe932b704a3a2d3ef2188e4627,-1,36.53,0,-1.0,-1,,,84698,-1,-1.0
bb9a0189a47bf84e6656575e366e4cfd3271a6f3580c9c4aef8031e5f40ac03c,CIV.1.1_1,9.301,2,1.925,51816,5.32013,-4.0155,73772,1,8.0
bbd7f84e3bcd28d8df665e11f63d1c065c9d3cd7e8b074921d5fd07eaaa787dc,CIV.1.1_1,0.0,1,-1.0,3168,5.40489,-4.0043,3168,1,8.0
bbe477bc9b7c87bb753ff54b52fc646698de299a0fcc59a432ea093c08707363,CIV.1.1_1,9.557,1,0.0,43718,5.40887,-4.00095,73290,1,8.0
bc314b89d8464568d1194aef71ea4dec626e72827581737b34cf83438f47b060,CIV.1.1_1,28.813,1,0.0,1133,5.3484,-4.09808,26207,1,8.0
bcc34aa49924b0266d9778a977678542ef00716f4e1bf2ac5acba0e9f5846c38,CIV.1.1_1,0.035,1,-1.0,46909,5.33904,-3.9703,46909,1,8.0
bcc89bc0a1af5d0cab1ad5670a4cff13671191cdfffad2e2c99fbf86a2e3ed1f,-1,0.0,0,-1.0,-1,,,0,-1,-1.0
bd34b05f49e7872752d0f86616a1794c44b15009994c93ea96fd2c950be2dcfa,CIV.11.1_1,615.024,2,2.866,44057,7.71509,-5.04429,56135,1,7.0
be6c45d51d687e00c018ba95006a98b2320a1868301b5ffd625167a38298d85f,CIV.1.1_1,45.317,2,3.42,38793,5.41351,-3.98254,54289,1,8.0
bea433ec94ff2ec980312359b5c01dc604b20059f553e02f8d5e5eac96328f13,CIV.1.1_1,9.346,2,0.3,7388,5.34953,-3.97084,33423,1,8.0
bf6675fea6a29f548e7db7989e0412a0bef1725f4e6ac7fdcc8d05a3a36d2e02,CIV.1.1_1,1.006,1,0.0,90744,5.35309,-4.0155,90744,1,8.0
bff4bfd0c9943904a2c17c149b30b49c956d0934e7cacd207aa2e2fd94709965,CIV.1.1_1,5.362,2,0.318,59342,5.39703,-3.94958,66808,1,8.0
c04ff6f282de6458dcf426bc698a74e4f2087f61ee59d13fbacf72d609d0e189,CIV.1.1_1,1.81,2,0.296,49559,5.40631,-3.98145,56130,1,8.0
c12fab7d377f99a84f7b4137c57d34d85fc94b2b69b339f6618e37a9bf8ee181,CIV.1.1_1,40.681,2,9.063,22375,5.41131,-3.98854,38238,1,8.0
c19247654f7dbc51e2c28c7c2c92b259e7cf299b302dcee21eb3c4a568e468c0,CIV.1.1_1,1.027,1,0.0,22597,5.3421,-4.00452,22597,1,8.0
c21e9b72225c64a8f35c9df8d7f5e909c863a08fb54fb9b18906e8dce8c07083,-1,15.885,0,-1.0,-1,,,9829,-1,-1.0
c262e303aad83bf3c42a0b1e414d34fbc5297e3c46a15fb2c7858ac07b4a1f2d,-1,63.821,0,-1.0,-1,,,25348,-1,-1.0
c2dcbd1956d21319bfc674eb99b3ab83442cb9f81042c355c541a14be41aa915,-1,0.618,0,-1.0,-1,,,15352,-1,-1.0
c3308e9de7ceb6c7fecd906a617134295b9105b23a22e5f5d3f1532ddf8cb29b,CIV.1.1_1,46.113,3,10.558,46546,5.38055,-3.9386,83630,1,8.0
c363f3dbf7872533eb33435cb8d7b422f198ac4b5e9018f05c14dee5abacb5f8,CIV.3.2_1,0.558,1,0.0,81928,5.21561,-3.763,81928,1,8.0
c4067ffa132ea37210e59f76ed2d01bf892d507df10b354196eee509dac2f6e4,CIV.1.1_1,0.0,1,-1.0,24994,5.30914,-4.03748,24994,1,8.0
c43787891e85fdf7d3b002b8e7377c7751172a89f00a54f66fd824193b8fc209,CIV.1.1_1,57.749,3,8.363,7128,5.30904,-4.01373,70680,1,8.0
c439f3b91ea12e7dcd52951b7ae20e446269285de8b1257e30eb2cd2fc6b8ed9,-1,0.665,0,-1.0,-1,,,13047,-1,-1.0
c4b651b6cf5e6bd7ef99e662c620357f35715afdac66f6375197a76006ef9e23,CIV.1.1_1,0.0,1,-1.0,84254,5.32013,-4.0155,84254,1,8.0
c53ae0f6d714bf25abce91421967024efd51225a7b33fe16891cfcdab8605d7e,CIV.1.1_1,37.529,3,0.354,29012,5.33112,-4.10339,74572,1,8.0
c5a3e26e8450ebb4514bb5b31a0ff04fff549a6bd8608b83fa9a1a83cb0c4b9a,-1,0.0,0,-1.0,-1,,,0,-1,-1.0
c5f30359480939f8d54a9d74a40cd2145fa2e3e7864c205f6a28f281f0edb4c4,CIV.1.1_1,9.869,2,0.529,9532,5.36394,-3.98663,21078,1,8.0
c704601cf5cc646c93c0f68326d077c2128d6626e052a51ff64e5f1551215ce1,CIV.8.2_1,1.622,1,0.0,32398,6.75322,-7.0282,34453,0,6.0
c7246771ff5f4223cdd59a88e41a8265c0aa2998e0f6bccac2ab371acc895c37,-1,3.309,0,-1.0,-1,,,16114,-1,-1.0
c76f976f54dabfe25ef4f7ecd1a0c66d127c7916d2eec18f544872eef5bff950,CIV.1.1_1,8.97,1,0.0,6046,5.3278,-4.10597,51576,1,8.0
c7ac6e62f4c4a8121578f773bbd7a005fdbfdecb4ec745449e7268de165225e7,-1,3.314,0,-1.0,-1,,,81239,-1,-1.0
c89684a77f2eeac351eafa5b87a4a646d942b797e1fe2e2290bd3d97964860be,CIV.1.1_1,0.0,1,-1.0,86547,5.34349,-4.10344,86547,1,8.0
c8c4e308da893a9d4a65a4fee03625203bbabdfaa06353efebdffd2bd5320549,-1,0.0,0,-1.0,-1,,,0,-1,-1.0
c9130cb9043b3668347adb01df19f93e275ca0d90f27f3deb719adf9aac7113a,CIV.1.1_1,27.387,2,4.725,44791,5.37506,-4.10339,70976,1,8.0
c9170b6163f5338c61db23a3e73168ff77bda58f17063c1a0a8dd7004f9275f6,CIV.1.1_1,4.431,1,0.0,4663,5.36622,-4.01402,77651,1,8.0
c95f8f44634092c052a607edc56976a6564a7a2fd422489361f6b666adc464cf,CIV.1.1_1,0.0,1,-1.0,86514,5.36159,-3.93734,86514,1,8.0
c9e5903268915df283944a6091d4b1fda8159ff463bfb4df8bedfad65ee4640d,-1,0.0,0,-1.0,-1,,,0,-1,-1.0
c9f632634a659190a7e9392014042ef117f04ea30009eea86475edc75c5165a6,CIV.5.2_1,0.0,1,-1.0,6096,5.83241,-5.37253,6096,1,7.0
ca10f29302b7a3004c08d4f035de85e0f97b53ec60634ca194405867215556a7,CIV.11.2_1,2.165,2,0.051,25332,8.66165,-5.28793,42461,1,6.0
ca6dc6b38d378d63c8ed12c824d9af62d00db467cd04de81233e3ffb282f703d,-1,9.298,0,-1.0,-1,,,28028,-1,-1.0
cabee39fc60e9b0aad109fb00c90cb96e38e4bc3977e4a569c6153ace2df0193,-1,69.189,0,-1.0,-1,,,46845,-1,-1.0
cb2f6a91cb1c15402e80063dcc80895ea8f83057a3be30c7954b0eac84e7cc04,CIV.1.1_1,0.473,1,0.0,19111,5.33456,-4.13708,19111,1,8.0
cbb71ad68e6adbc89de8d5544375ed7a940488ffdb61c973f8e8e8424fdb249f,CIV.1.1_1,22.622,2,8.139,40241,5.3476,-3.94958,71545,1,8.0
cbf23291ee210ee0f3f579f4dff3068a3ca4c816aa3c17dd7fec183aa243505e,CIV.7.2_1,2.298,1,0.0,12738,5.27395,-5.01081,12738,0,7.0
cc39c313fee3213c48b5647d11aaef0cd19759a8e7a2394faa39599b3263349b,-1,6.389,0,-1.0,-1,,,84434,-1,-1.0
cc634f594520e7cca5208f355b976df9412e8fe15dfe3769a4d393ff0a3a6736,-1,3.842,0,-1.0,-1,,,21936,-1,-1.0
ccaa7cf27f413d5198033dcb850343cf54658fd0afbf2d1cc08d3a40ca2bd1bc,-1,1.486,0,-1.0,-1,,,642,-1,-1.0
cce29a7fca8894ee0a2da0efcf8b1c7abd322be49a940dc267305d3ea55d232d,CIV.1.1_1,1.839,1,0.0,2915,5.30085,-3.99406,89558,1,8.0
cd3ef3d75f6b1f0587f35b89efcd61f3a2098abb3be6e9a62568a0316b5d79a7,CIV.1.1_1,21.206,3,4.55,36252,5.32013,-4.08142,66191,1,8.0
cd8c6c7d7aa32aa8c4bd0fe7315b28e17d4ae1ca286d206dc028c2ccd9be9d02,CIV.1.1_1,108.351,1,0.0,11374,5.36957,-3.94958,26452,1,8.0
cdad020d37fab5a08e84d9ee23880a4ad95b2c616e59548acab679e2cec99a70,CIV.1.1_1,9.662,1,0.0,725,5.42119,-4.02217,28682,1,8.0
ce04919592f8e0250a3942b8b4178a751d5d93677c94fd5d63739582a86f9a59,-1,0.0,0,-1.0,-1,,,120,-1,-1.0
ce3115442f9d36e8e4901564fda8517c573e425b7630ce621d34946d9928ce1c,-1,0.0,0,-1.0,-1,,,0,-1,-1.0
ce9548af45e52a83839efc086ce7a3157bcd29bd10277b60f7f78b30c49c913f,-1,2.353,0,-1.0,-1,,,48458,-1,-1.0
cec0adea6ba0d4ce5642519b132a6ff6ddd9fdc2ef8f9305e4769fd83f0e4031,CIV.14.2_1,19.629,1,0.0,1962,8.03893,-2.79633,85060,1,7.0
cf2efc521171d8a652cbb3d7746617a0a2de38cf0fcaac7af9b15427485be8b4,CIV.1.1_1,48.434,1,0.0,811,5.35858,-4.09241,58022,1,8.0
d02f47a67a2c4a7be366578348d2ebaf75677e8ddb9b94b6d7012432353c4e8c,CIV.1.1_1,0.418,1,0.0,42366,5.33286,-4.02299,42366,1,8.0
d08138af02ed89169e4fb439019aa24206385eb2a39920f78d21f9dde17f09fb,CIV.1.1_1,1.541,1,0.0,69657,5.3421,-3.98254,70076,1,8.0
d0e9524e5460dd8d1bf033293beb60ca260d09b063304113946c933bf165e180,CIV.1.1_1,19.51,1,0.0,10351,5.28491,-3.98493,36150,1,8.0
d1153eef052339ba30cb128a4b28520aba4bb833719b2fcc9114c3db8197e1fa,CIV.5.1_1,4.398,1,0.0,1954,6.1326,-5.96563,2435,1,7.0
d1ebc44d0dff7745bfba0412105e7ed50cce0ebfa58ebb2d3376cddc7e778e6d,-1,0.0,0,-1.0,-1,,,0,-1,-1.0
d1f922811fa0c5dbe80fb4d4a8cb4895c3dac982104e900b9871fcc786aed19d,-1,8.326,0,-1.0,-1,,,4104,-1,-1.0
d29e3e79832e125dde5995ec3a108155e5c9b2d750a61cc6cee1e28c8c9dda50,-1,0.0,0,-1.0,-1,,,437,-1,-1.0
d2aa846658a23cd9c5dd28fd0608328e76c5c9f24444a259030ccb9e1b0cf561,-1,5.327,0,-1.0,-1,,,92946,-1,-1.0
d2f6122ddad9078a7cda9dc0aa77130e5ad61646cfe8d01a3106ea52bb8ca891,CIV.1.1_1,4.033,3,0.852,27815,5.41168,-4.02229,44817,1,8.0
d3052e8c81faeee0d4e658824942804c70f1886724796daee764c767356d9bf6,-1,0.0,0,-1.0,-1,,,0,-1,-1.0
d326b0b617eb0643c53d6c0dd46232d11e0247beb0d822355975e462d8f07e99,CIV.8.3_1,4.245,1,0.0,18262,6.85657,-8.10719,19029,0,6.0
d37d153c23848d1fcc9b654ff2bde58475640b69996ab3a169b2f43f31bc5126,CIV.1.1_1,0.416,1,0.0,10790,5.29716,-3.98495,11127,1,8.0
d3fc0b988027052e2d115f288ac8152ba9e69e4cb11e976c97e8cf66dcf44435,-1,0.0,0,-1.0,-1,,,0,-1,-1.0
d41ec9027fce6a0835a583c0112eb1ab380482e9ae637b8fa182651ba5f43d8e,CIV.1.1_1,3.846,1,0.0,40618,5.30841,-3.93214,81172,1,8.0
d6340018fb7b0ca32ae1bc88bea7e36d810cb84556ed093a1792ea9ddcfc9b91,CIV.1.1_1,34.997,1,0.0,15667,5.34315,-4.10677,92713,1,8.0
d63d9ffd7a8583e808f09b0ec10b97f79b35a18f0ec13e09d64da3bc5067661f,CIV.1.1_1,2.769,2,0.022,51243,5.28969,-3.96483,73460,1,8.0
d6534c6746a14f3ea35cbb0565a8474814a1365c7e0c8c18d9b1b67b84968990,-1,20.667,0,-1.0,-1,,,18077,-1,-1.0
d695ef5afc8816aebab7bd10e53540ec4e0646ac0255b76d38308414bf92048c,-1,22.383,0,-1.0,-1,,,36307,-1,-1.0
d6d45831bbc29d65610dbc1ea64af8559606be7a751e08508c43ad8caa406798,CIV.1.1_1,0.087,1,0.0,25883,5.33764,-4.02496,25883,1,8.0
d72b4939ba576f4da100629e55236efc878c7e3ee0d623f9d5ffe1b53c80af49,CIV.1.1_1,0.932,1,0.0,13657,5.28278,-4.00729,30637,1,8.0
d76fa4bdab1ea294de2cfafa4b5647ed44e14331bd3f13aa5626862392c3236b,CIV.11.1_1,1.275,1,0.0,3369,7.68693,-5.00866,77857,1,8.0
d80d2c78eb26ad965865b411750f3ffa07d3acfbd4f221e45a0748853b9369bc,CIV.5.1_1,132.287,3,24.431,12373,6.12692,-5.94649,118444,1,7.0
d81a0517561831c789c8698c2cf2ed46e4a1a1c77b2550169d6d805e942d89f7,CIV.1.1_1,20.163,3,4.229,38637,5.30065,-3.9713,56259,1,8.0
d82fec54bccc1b981a71449f70298ce76d48d85607e35031af5e42f1fe80b249,CIV.1.1_1,0.0,1,-1.0,70531,5.30365,-3.98254,70531,1,8.0
d843f7ee0a17de8db5a8e248898f4affd1113520f093a959d31e8dc8fede9788,CIV.9.1_1,2.805,2,1.786,37723,6.8865,-6.45488,65662,1,7.0
d91c62dd64d805903df1be20fcd0cce2029e59c0c718be9368f8085272915c9a,CIV.1.1_1,88.676,2,0.355,13946,5.24323,-3.91663,58871,1,8.0
d9dd10b0bad6179836df287c681201621d5a736030064ab505d5d3ed081db340,-1,0.111,0,-1.0,-1,,,600,-1,-1.0
db0b9d5cbd7706a29f2b4c2b7a3d7f46d3109f2ac94f5bd673bcb04fd21a05fb,CIV.1.1_1,0.0,1,-1.0,66863,5.36957,-3.94958,66863,1,8.0
db24375aab3967ac1a7b0693e7cb579972afa6f83fd9379c457455e1127a4127,CIV.1.1_1,30.231,2,0.307,21863,5.35309,-3.92761,27722,1,8.0
db33b3883fea1b6ae28b6435ccb42998e22d7f9ac8b2dfecfd5aad6feefc8ea1,CIV.1.1_1,12.396,1,0.0,8853,5.35309,-4.10339,26433,1,8.0
db477de1d6fe7c6fc280061354d8dfc4ab7d540adcf40d60a37536ce916bca40,-1,0.452,0,-1.0,-1,,,965,-1,-1.0
db59f9793f0f078ac074a4e1e1d48a047111f3a0ca54905050447c114a537a1f,CIV.1.1_1,2.617,1,0.0,21874,5.32114,-4.09628,25839,1,8.0
db5a724238d2446939072c58d60ba589de1304e07df2b616a3bb466f3bccba8b,-1,2.046,0,-1.0,-1,,,44517,-1,-1.0
dc060f7a905e0267b850babaea2d67ccdbbbdf67aaf8ff2694ad0dd3e9aa1c11,CIV.1.1_1,0.0,1,-1.0,17673,5.33112,-4.05945,17673,1,8.0
dcca478c08187affc31faf8feabc47f34ef04e9a88e095fe8fb2b577fb7307cc,CIV.3.1_1,0.046,1,-1.0,93406,6.28655,-3.29091,93406,0,5.0
dcdee41e7d973670919e78dab414efe5ba0c93a7b08bf77903e7f728e60043e5,-1,0.248,0,-1.0,-1,,,639,-1,-1.0
dced6c89c8d4f7fccde478ee509e263b1699b75623edff9e9368143893518603,CIV.1.1_1,5.511,1,0.0,69739,5.29266,-3.99353,76211,1,8.0
dcf16237b45dbe57906ce5a9bdc3c5764f88ebf27f10fc6e7c40901c9c6478cb,CIV.1.1_1,7.651,3,1.358,8096,5.38058,-4.08104,73442,1,8.0
dd5d36adb120f05da2e53e936a9102fac220cf5d35281e48f73c439d3da96f0f,-1,0.388,0,-1.0,-1,,,116240,-1,-1.0
ddc23374510a57110e51e9a1490e1ded9c7b9c3cc68cdec82da4eae8cb8c0a2d,-1,0.0,0,-1.0,-1,,,0,-1,-1.0
ddf123f35174b991d320bc0bb623904c6950d6f4bb22fe0590ea4dedaca9bac4,CIV.1.1_1,2.37,1,0.0,42521,5.30365,-3.97156,44329,1,8.0
de57be4de49c320b458b2f65bbc6381ff7b805bb3042f2b128fbc8bd39777677,-1,1.201,0,-1.0,-1,,,3079,-1,-1.0
de5b3f2cb542a1a493096032dc9550b10a8894404e1cde0e9d9f6c7c7afc35e2,CIV.1.1_1,108.579,2,15.185,34536,5.36407,-4.09241,79973,1,8.0
de5e7efc94876bb9e8b6be864966785f5a66f5c06926b6674c0461e7e75cbb03,CIV.1.1_1,50.945,1,0.0,5436,5.32361,-4.02283,102116,1,8.0
de627266f6ac2b9d6f0aff4d4bcc6b57ac94c6d11021c247bf67337a2cc8f95c,CIV.1.1_1,5.031,1,0.0,59210,5.29417,-3.97533,80309,1,8.0
df10ca0ef24163606339156854469b21f103c95cea2bbb28d9e1b3a1f4eb2f25,-1,10.501,0,-1.0,-1,,,148061,-1,-1.0
df18df8f77fa1369a920b1193ed2061bd1b80133a2f48dbd4827082cd017b9a5,-1,10.049,0,-1.0,-1,,,1911,-1,-1.0
dfdb6798162739152b0331be7dee6746f6e446f7447f1a897a836100974b9fa5,CIV.1.1_1,0.034,1,-1.0,2319,5.3451,-4.05296,2319,1,8.0
e0450193bb773fbe63aecc68ec0a11d6fd62a1da800d771fb70a7d23920b5395,CIV.1.1_1,0.316,1,-1.0,88034,5.33629,-4.01887,88034,1,8.0
e06ff1fd67e856ed5a865cc73751662e6b4f3d42a6cbee1801afe7e912f8fe59,CIV.1.1_1,15.343,1,0.0,21653,5.36959,-3.99795,72358,1,8.0
e0b37440d826d8471c8a312b3302ed1959fea5bca50001c69539ec69af0d2583,CIV.1.1_1,53.345,1,0.0,23948,5.30133,-4.01214,38454,1,8.0
e0ce51e38f9e90e23bb8d9780758c4bf787fe596dfe788a28a9a6f90f7600aec,CIV.9.1_1,6.972,1,0.0,28935,6.88568,-6.45447,31551,1,7.0
e0fb95538cd01add3118383c838f5a508ec17fd3bbac84d400be63c5f0f943a8,CIV.11.1_1,3.244,1,0.0,21428,7.68507,-5.02959,22923,1,8.0
e1bfabef02c554763e64567b516b2b53081aee7b734a771266600334ea4720d1,CIV.1.1_1,8.19,1,0.0,241924,5.35309,-4.10339,241924,1,8.0
e1e46710f047e7e8d51cbc6d40a116cfdeca0e9dc1e227747f7ab2cbc5b1a75c,CIV.1.1_1,28.511,2,1.837,29994,5.34697,-3.942,49882,1,8.0
e1ff41e3af28df1d9d5bd4d576096d78615193123c4c49a834dd0e0faf830721,CIV.1.1_1,0.013,1,-1.0,36774,5.38352,-3.93168,36774,1,8.0
e3c9ac24dd8c12c0bc4fbec91297ecc28c264344cce61ee67bf3f35725d29047,-1,3.141,0,-1.0,-1,,,10568,-1,-1.0
e3d4beb2ac0c3081941ffeb283c0eafd3e028f5b67caef379e68a5a01f2dd319,CIV.1.1_1,4.752,1,0.0,641,5.34821,-4.07778,87397,1,8.0
e4710f7c3b9b8ad86c78a0b4cac2b745d288ca9c36f38d808292d92c360aa945,CIV.1.1_1,0.0,1,-1.0,65777,5.32562,-4.05945,65777,1,8.0
e4ed8c467f4e168835e0219ddc0d414b1426154b5543ef130c6760116de4fce5,-1,0.272,0,-1.0,-1,,,3958,-1,-1.0
e4f53a9f4aa6f68900c57edcded1bd5c403548b51af50d1f99bde864526bfed3,-1,15.376,0,-1.0,-1,,,75526,-1,-1.0
e50a70f1513d09c8c8206850d257c8fd46a3f7f5d47b3ca5e3c7e2d1cc5be55d,CIV.1.1_1,2.766,1,0.0,43519,5.40192,-3.99004,44488,1,8.0
e520707596afd9e83d59fe1767ada88ada684b544217758a729da04ba81c1b29,CIV.2.3_1,0.0,1,-1.0,35292,4.74481,-6.6542,35292,1,7.0
e593cf179cee29983ad8bbdc93f474f1c2f180e76ef1405ca041217e48f4a38a,CIV.9.1_1,1.019,1,0.0,65647,6.87281,-6.45505,85857,1,7.0
e5a92bd4cb88afb1d81eb2794c37f49dcf955224422bf8956b0184bbc05d6b23,CIV.1.1_1,3.081,1,0.0,73066,5.45197,-4.03748,73336,1,8.0
e669f7ef2978bfa72cd0dd3d767e14789cc8152481a6d00d9a9ee6e7b7aed4e2,-1,3.337,0,-1.0,-1,,,19401,-1,-1.0
e6a8e6f8d1d7ff54bf8acc5d14bf993999b6667640d64ad9b80402681ee24c31,CIV.1.1_1,57.555,3,11.75,42671,5.3421,-3.94958,48559,1,8.0
e6db627473eb025ac3ec6f692a75dd59233571629981c975d4542322926e730c,CIV.1.1_1,10.759,2,3.255,40581,5.29816,-4.00452,61314,1,8.0
e7dab9a29e9903bd1f5843d8a7741cd75ff3808270b3fae7b880a27bc5ad7ee9,CIV.1.1_1,0.154,1,0.0,43952,5.43338,-4.02039,43952,1,8.0
e8be794741d9d4049a0958b6370a55c40a4de6e56d2ed533573c32e6d1c3dec2,CIV.1.1_1,12.143,1,0.0,57538,5.30365,-3.96057,74784,1,8.0
e915edffbb89399cb3dcd5d29868d7a254aee797dbee17251dd3d3d551d2ad94,CIV.1.1_1,0.073,1,-1.0,171512,5.3364,-3.99321,171512,1,8.0
e93ced0e4b1b78d81418847acc93e1d38a1671ddaa7e9206b2bc3d47a26e8cc3,CIV.1.1_1,7.592,1,0.0,4287,5.41901,-3.97156,10351,1,8.0
e9bd1887b65b28d9cd053c75acf91dd228f1e8ee431f24ab232f012cc5f13f91,CIV.1.1_1,4.797,1,0.0,15200,5.4025,-3.97093,27168,1,8.0
e9cb553eb7d8e798fa8f8243b10fc8456749e07867ffe4bbf1f5e3b4345eead5,CIV.1.1_1,80.498,2,3.786,5674,5.27277,-3.9758,28175,1,8.0
ea442b72d1d842aa92d6c3b695f22414e51d7c9402a73cf76e971fe75c84f71c,CIV.1.1_1,4.301,2,0.062,22132,5.31383,-4.09336,43994,1,8.0
ea80bd8c6038f04149530626a9625347d6d1adf384cc262d93ef06d7c8067c07,CIV.1.1_1,26.372,1,0.0,23057,5.33326,-4.00227,74578,1,8.0
eaad2b0c655dfb3e645bb0d7e375408efba802aed6af61495d641d064a26f17a,CIV.1.1_1,83.709,1,0.0,2211,5.27447,-4.00232,137735,1,8.0
eabe4394ba743d13aa7263c9cee6ee92ab0ee1c1ee0ad626690e8d2610fa7cbf,CIV.1.1_1,147.331,2,1.124,76655,5.35309,-4.0155,221976,1,8.0
eb0230cb422565181e1708016b4a1e77f7160dc9bce1709535bc2747f03a8f15,CIV.1.1_1,8.147,1,0.0,28516,5.35272,-4.02167,30252,1,8.0
eb19e8b137376f6a1dd9418f02d09506399c243ae37c10079cea8acb872263e7,CIV.1.1_1,4.473,1,0.0,24358,5.33112,-4.02649,48110,1,8.0
eb2e793428244df8c035fdd9ad4a3964cf658e237eab06ea28cce0ca1948a22d,CIV.1.1_1,87.133,3,3.672,30843,5.39703,-3.97156,59012,1,8.0
ebd510c9aad4cb988a2d98e6b28e9d776a37b6ae600817c6a4f807850749189e,-1,0.0,0,-1.0,-1,,,0,-1,-1.0
ebdd1edc6ffc73b245a827956111d6ff820a86eb2117dc3bb14303e4cb267794,CIV.1.1_1,17.467,1,0.0,11843,5.3255,-4.01773,19685,1,8.0
ed0134b596f685585172d97fc2ff859df03e795a13d6bbe86ecdb09384ab18a6,CIV.1.1_1,0.0,1,-1.0,87194,5.41351,-3.98254,87194,1,8.0
ed64fa04b43e3b20934415cf4492882d41a2c9f28f26ceb77f5fd9099075ab3d,CIV.1.1_1,40.673,3,5.161,47818,5.33112,-4.10339,75053,1,8.0
edd448eb99aadf954a0be6593ef97af68c46f7b2172505b9f9ca5c906d018087,-1,0.0,0,-1.0,-1,,,156,-1,-1.0
ee25362520b726b2c6ed107f2f7b7d6df75224b4aa302bca8c576ab5e9ccac0a,-1,2.498,0,-1.0,-1,,,46762,-1,-1.0
ee4f717ad2d63be0be965e0e0b3d0053eb3dafd7df1869e56df7e0538f409885,CIV.1.1_1,16.523,1,0.0,9693,5.3792,-3.99733,54758,1,8.0
ee7ac65f22f08cf175ebba3840ef4ef3baff4f903a98f03db9c4b2b0adccc3c4,CIV.1.1_1,0.0,1,-1.0,740,5.31464,-4.09241,740,1,8.0
eeb2520619c683c0fd97b79214e4a8469bb6e0e6fc403eff6c73b0cbab73253e,CIV.12.2_1,1.201,2,0.098,7861,8.0482,-6.18628,24244,0,7.0
eedb2b0dc48da9c77d46a46b999d4bf8f98e24518daf531ce341543fea2d8c33,CIV.1.1_1,2.158,1,0.0,22113,5.3511,-3.98146,36667,1,8.0
ef0d096887d8385d259a0a5af286e9f16fa32dfafbda8b67d31b320cd7a9e265,CIV.1.1_1,53.652,5,7.275,8095,5.30197,-3.95087,31729,1,8.0
ef430af1d62ac7dbc2a75a69fb09b65dd6ffd75bd1740b530b4627ef15d7f9d7,CIV.1.1_1,38.21,4,3.879,35434,5.33661,-4.00452,45185,1,8.0
ef721fb089ca7f9f1f08b1dd7ef4933eb8b35f2d04cc964cdf1e500bd9f6710e,CIV.1.1_1,19.475,1,0.0,43841,5.38605,-3.97156,56468,1,8.0
ef8e64341edf8af0e71f28526f4e81006af4a8cb5390a987b933fc72b9116add,CIV.1.1_1,0.367,1,0.0,38327,5.38099,-4.09427,39413,1,8.0
ef95f9fe0817ffcf80bb9e47b08914b3b1d852d1cdfd4e74fd7bb040cf87b596,-1,1.7,0,-1.0,-1,,,1094,-1,-1.0
efb4a60b44703d54ed1b1690754c1e4faa214b964bed07a13bcdf041c0340ade,CIV.1.1_1,72.957,5,2.627,48158,5.27618,-3.98254,95682,1,8.0
eff11525781cd3e6af569165540d0e8b1a788c119bb35e258d2fa5f147258faf,CIV.12.3_1,1.602,1,0.0,25354,7.96234,-6.67419,37198,1,8.0
f04d162d2c1d03f91defd4d8e95a6041b65a4820a553c53efb8f6a588834b112,CIV.1.1_1,38.671,2,0.097,12694,5.26645,-4.01028,82987,1,8.0
f0876d9afc7f3a86c2d3513be54c0de2adfa77aab529bc6478adb88c1003d955,CIV.1.1_1,3.556,2,0.31,4837,5.44098,-4.02649,20348,1,8.0
f0a723790f9e0a06dc6437873e65da50a7c2d645cfe9d136ad9182d1eb8cd0e7,CIV.1.1_1,0.831,2,0.575,6955,5.42666,-3.99179,11175,1,8.0
f0f6bc7064f1dbc4704975676aaab45347903115151e8bf155d985660379896e,CIV.1.1_1,27.078,1,0.0,48548,5.36407,-3.99353,65479,1,8.0
f1239b864f6a07ec719e6a8128564150960864c0005721e0d6abbe2db940168d,-1,30.347,0,-1.0,-1,,,101002,-1,-1.0
f1427784b9e6b335bd7cf3b5407cee4b5a544c816cd46e3f5758ecc3a0d07ff9,CIV.1.1_1,12.269,2,1.129,70278,5.39154,-4.00452,90799,1,8.0
f1b135e344e86f21be06cc99b023d2473661768ebba1d3a4485f03b830fef27c,-1,28.371,0,-1.0,-1,,,42552,-1,-1.0
f1caa365b8628d19f7d45fb9bdae8b56806343aea17f5e22d87892638d73b996,CIV.1.1_1,8.291,2,0.012,12930,5.34635,-3.91985,55708,1,8.0
f1cc22c314678f6fcdaa88904a18cce8cb81577fc56e7e73e9590c98a92be4a9,CIV.1.1_1,74.267,3,8.243,18036,5.31464,-4.09241,54256,1,8.0
f27001ec5da390fe99822c2282d4e54959c1f3c0a8894d6fed8bc3837bc20dc3,CIV.1.1_1,32.228,2,4.994,12955,5.35309,-4.02649,91788,1,8.0
f2c101da3f1f3eb0eb3d7f819dd394fc940b702cf8334648c4a2b9b142fafc21,-1,52.161,0,-1.0,-1,,,94142,-1,-1.0
f3615107f4ad020a28388c513417f3c9b5dacb37e2cfee38bc5075a872e414fb,CIV.1.1_1,0.0,1,-1.0,11051,5.40253,-3.99353,11051,1,8.0
f389dfc8831bbebe840f75e16b668a0e17297334729ea685744c4edbc1dc64f3,CIV.11.1_1,0.0,1,-1.0,77807,7.68219,-5.00427,77807,1,8.0
f3d188fbdd8a384a07def2a3f2741124a4c89075d9556b5cef5828f619809beb,-1,0.0,0,-1.0,-1,,,0,-1,-1.0
f4206310b2558028d70b2f7cd6a6203d423a8d32f39953c5243a6f89f23c9d61,CIV.11.1_1,42.483,1,0.0,13971,7.65495,-5.02896,111510,1,8.0
f4349ce385d66d293fb6216cf463b77ad80c71f39665b9fba006f8dff42c0499,CIV.8.3_1,5.823,2,2.826,15324,7.40747,-7.52784,18348,1,7.0
f4fcb9d1e41113d172deb7d47227add30fd4c8e43f1e70d50f47a773abca345e,CIV.1.1_1,6.383,1,0.0,36847,5.36964,-3.90768,38447,1,8.0
f536a5c5861d04ab4f33120ffbd5c1472ede728f6b62022f84dd64b451a37183,CIV.1.1_1,0.35,1,0.0,75411,5.28339,-3.95855,75411,1,8.0
f5aaf2e3f948f6f6b6598c79d0a3334577ae37827246bb8fd81db83381f12163,CIV.1.1_1,82.575,1,0.0,79968,5.35858,-3.96057,93199,1,8.0
f60f6673ac10c23fdd27f37afcdc45f44e9a20975f9ade09ad171c3c3cf2f9a1,CIV.1.1_1,9.729,3,1.508,30498,5.35858,-4.02649,49965,1,8.0
f6abbeedd8def70a973046eb1b027045a82ba28be30a2e72de6ce55269474d0e,CIV.1.1_1,41.273,2,4.987,3649,5.26629,-3.99693,85394,1,8.0
f6cc31b4e3b7a378bcab747a519bea40b7cd2d506fb4ca35979e0936d009ca21,CIV.1.1_1,0.479,1,0.0,56244,5.29619,-4.00535,56244,1,8.0
f6e59ceab8fd06e65acd6dfc15a3cd984ab754d9e9b5f079972e04f5bfe8e468,CIV.1.1_1,4.863,2,1.029,32256,5.33112,-4.07043,36711,1,8.0
f717bd8fd489fdcccf51b728d81f6ec833fec211bf8d3ba4d7f989ada9178f10,CIV.1.1_1,0.549,2,0.058,111836,5.2674,-4.10088,113571,0,7.0
f7735121e05632c4a29b5620370ad2d6cdd04e3b143709ee30b905fc8b15dee2,CIV.5.1_1,0.757,1,0.0,55105,6.23749,-6.16882,55105,1,6.0
f79bed187782a5bd3bcef08d77513a34bd8c1fbdd07866918fcb717b6126df6c,-1,0.0,0,-1.0,-1,,,0,-1,-1.0
f79c7f89232fa4547767b34443a8d29826b0dcc93e92c53d12089e95a3dea4d8,-1,1.352,0,-1.0,-1,,,22360,-1,-1.0
f7a5d12cb5ddf6908672efbe54c40b9b76123df00430b4b10f2783f72b0e3c90,CIV.1.1_1,25.709,2,6.963,40234,5.37506,-3.96057,53120,1,8.0
f7b64b67f6323085048cd6eb771592eae5e4a0d147cb5b67cc86efeac84b92f1,CIV.1.1_1,19.625,3,0.09,30760,5.35193,-4.09534,65298,1,8.0
f8a94a0284deb52c97599c5fc2233ff4d390b129297a138ef56945071a87b401,CIV.1.1_1,8.176,1,0.0,1915,5.35924,-3.98979,2861,1,8.0
f91bb0c2c37e328732719b44c81425ade79c4ba90b53ae08c20ba9f417437a0c,CIV.1.1_1,0.777,1,0.0,15777,5.29644,-3.9701,51004,1,8.0
f94dc8f437a677360ac1bdb1f05eebd23999c7cb190a1171231d1486a6d63b7a,CIV.1.1_1,5.366,2,0.972,27816,5.3476,-4.0155,34358,1,8.0
f9cfbc80eaae24f6fea3ab021e4ba8b95c1c9f9e8029eeca218843266b8653a6,CIV.1.1_1,80.349,1,0.0,72588,5.24323,-3.91663,77747,1,8.0
fa1f319d66fedb35ed7db6a36ce2c938939491e6cf63e9017b13c166fa39e736,CIV.1.1_1,0.0,1,-1.0,56235,5.38605,-3.92761,56235,1,8.0
faf1e307d1dd2542f901d74d121c29fbe2f6df3410b53696fa373c6cf518746c,CIV.1.1_1,8.685,1,0.0,71521,5.3476,-3.97156,71897,1,8.0
fafcc8ba60d2d6133ff54e956ea14315559c4f66091dcbf3f06b8a730d2c59e8,CIV.1.1_1,73.517,1,0.0,21630,5.36957,-3.92761,57406,1,8.0
fc296923c1d3f10b9cd9b16d91887658b2872830215c51c7b4ff107735220a11,CIV.1.1_1,14.98,2,2.915,1890,5.28278,-3.96924,33054,1,8.0
fc3e36a5b136c69470c2be804180c2f93af1859e24abb72e656ac0e3ed1fc839,CIV.5.2_1,0.029,1,-1.0,948,5.83058,-5.38311,948,0,7.0
fcbbdb2c2c7758ef33cbb16536174c5d27cf2c5c86187e6bbd802a62606976a1,CIV.1.1_1,0.799,1,0.0,9066,5.35069,-4.02328,21357,1,8.0
fcbfe0771b9343038b4142847f2fd98616e14b262f588a7a0f74e1b5f55af46b,CIV.2.3_1,7.106,1,0.0,6909,4.73993,-6.61931,23691,1,7.0
fcd41870620a36ba60652f9b6b3a3eb8a69f7ce3fbdf79c8a96b38f0b1835def,-1,125.864,0,-1.0,-1,,,71346,-1,-1.0
fcfd274b13ffc265578f5b7ba9b6458460114cc620e4e62c2476ea40cbbac8a9,CIV.1.1_1,28.047,2,5.866,34195,5.3421,-4.0155,66107,1,8.0
fdefb47efd07ac92544b3513b9788ef30284a886013ed0c16acd17091b91d185,CIV.1.1_1,0.06,1,-1.0,56467,5.3134,-4.11356,56467,1,8.0
fe1012cf81eafad4089df54b2886b3834f7c3491df3d362fe34386e4ac751043,-1,45.877,0,-1.0,-1,,,16830,-1,-1.0
fe69c55c14c9ed26ecd5521c643c35430f7b24ad0003265cc67ea0c6eeffa272,CIV.1.1_1,77.947,1,0.0,58033,5.37952,-3.94732,75394,1,8.0
feb7b4bee54f8e63fc78643b1900b24ecd8294f1ab20ecac1328b718ab4ec042,CIV.14.1_1,4.391,1,0.0,1201,9.2662,-3.00342,26037,1,6.0
fecda8c87cdcb840f32974eefc6824bf80898f3522a3b184f49aaa4ecabcdc88,-1,55.628,0,-1.0,-1,,,64627,-1,-1.0
fed18887c9103e0121cd387cb59f565482ee51dad53b552d9f334317f169b0b1,CIV.1.1_1,0.0,1,0.0,77495,5.35662,-3.92497,77495,1,8.0
fedda7bf8625f67c22ee217b4f85213c3bcd049c1bc9dbccbc220e580e2874d6,CIV.1.1_1,0.084,1,-1.0,23463,5.25845,-3.96647,23463,1,8.0
ff282610d2e63b2854c4653cfc92f9ef5792eabd1253b1b718520fd18cbb11ed,CIV.1.1_1,4.056,2,0.229,56340,5.35858,-4.0155,81261,1,8.0
ff420d5c7b564a8fd655b0c5ac32f8566765e0350a7355c9e4dbecff1981c123,-1,30.377,0,-1.0,-1,,,32942,-1,-1.0
ff50f227b8e53f5dcc98158edd7097f663e24c80acf27f9458cdada305de98ad,CIV.1.1_1,33.448,2,8.593,68237,5.40802,-3.97156,80907,1,8.0
ff5b59052e7ea90757afd5a47b2517eff08151783abbe7faca84fa06235c1a69,CIV.1.1_1,35.999,2,6.082,22518,5.3421,-4.10339,43489,1,8.0
ffb983fc266735566aea588ec151bcfe2802af38905a29f8545203c5ddffc143,CIV.4.2_1,0.0,1,0.0,1856,9.52114,-7.56641,1856,1,7.0
ffc1bc0c8b661f0ac7348287df1825d237f41ecfc6b65ec863d96395002d6684,-1,14.787,0,-1.0,-1,,,68298,-1,-1.0
